title,style,F-measure,Cemgil,Cemgil Best Metric Level,Goto,P-score,Correct Metric Level Continuous,Correct Metric Level Total,Any Metric Level Continuous,Any Metric Level Total,Information gain
Media-105901,Waltz,0.22413793103448273,0.1829128792411571,0.2827103860950081,0.0,0.4074074074074074,0.0,0.0,0.0,0.0,0.29335873937412654
Albums-Step_By_Step-04,Waltz,0.12,0.07295171520440676,0.09331612225986648,0.0,0.10810810810810811,0.0,0.0,0.0,0.0,0.11216567488788019
Media-104202,Waltz,0.0,0.0,0.0,0.0,0.0,0.0,0.0,0.0,0.0,0.0
Media-104203,Waltz,0.30493273542600896,0.20306312479373084,0.3433191942783744,0.0,0.37433155080213903,0.0,0.0,0.0,0.0,0.00856082978897421
Media-105902,Waltz,0.24000000000000005,0.1604861153143368,0.24219619465371175,0.0,0.390625,0.0,0.0,0.0,0.0,0.07774587915629537
Media-104201,Waltz,0.2105263157894737,0.1582653595187432,0.1805464029958727,0.0,0.5,0.0,0.0,0.0,0.0,0.13501843457895846
Media-104604,Waltz,0.08,0.023459222261161233,0.0479291653521789,0.0,0.10810810810810811,0.0,0.0,0.0,0.0,0.1285361633328211
Albums-Step_By_Step-02,Waltz,0.05128205128205129,0.03343249440504689,0.062088918180801374,0.0,0.02702702702702703,0.0,0.0,0.0,0.0,0.1285361633328211
Media-104402,Waltz,0.28099173553719003,0.18951019584703369,0.2888708817767451,0.0,0.38823529411764707,0.0,0.0,0.03529411764705882,0.27058823529411763,0.06475201357326671
Media-104204,Waltz,0.2736842105263158,0.18753036914357601,0.3061809502016804,0.0,0.4025974025974026,0.012987012987012988,0.012987012987012988,0.012987012987012988,0.012987012987012988,0.03681886511990831
Media-104205,Waltz,0.2677165354330709,0.1784764390767916,0.28563895943030027,0.0,0.4222222222222222,0.0,0.0,0.0,0.0,0.03464867961882384
Albums-Step_By_Step-03,Waltz,0.25862068965517243,0.1687045801408744,0.26302393424381676,0.0,0.3924050632911392,0.0,0.0,0.0,0.0,0.04194108676130014
Media-104403,Waltz,0.1639344262295082,0.13704648655242196,0.16526298346928084,0.0,0.2222222222222222,0.027777777777777776,0.027777777777777776,0.08,0.08571428571428572,0.15691426011859097
Media-104601,Waltz,0.0,0.0,0.0,0.0,0.0,0.0,0.0,0.0,0.0,0.0
Media-104603,Waltz,0.030769230769230767,0.02564855812797405,0.13026017509480403,0.0,0.1388888888888889,0.027777777777777776,0.027777777777777776,0.05714285714285714,0.08571428571428572,0.15045861428567617
Media-104401,Waltz,0.1851851851851852,0.13751066194019376,0.1568518331831147,0.0,0.19444444444444445,0.0,0.0,0.0,0.0,0.11152201394068804
Albums-Step_By_Step-01,Waltz,0.27218934911242604,0.1933814102590526,0.32593771611678235,0.0,0.42105263157894735,0.0,0.0,0.0,0.0,0.0287275807603416
Albums-Commitments-11,Waltz,0.0,0.0,0.0,0.0,0.0,0.0,0.0,0.0,0.0,0.0
Media-104602,Waltz,0.125,0.06670945104470442,0.10754343070492112,0.0,0.22857142857142856,0.05714285714285714,0.14285714285714285,0.06896551724137931,0.14285714285714285,0.19622677419003212
Media-100601,Waltz,0.27906976744186046,0.20232092928501758,0.33485060119250526,0.0,0.4264705882352941,0.0,0.0,0.0,0.0,0.013092269782705154
Media-104301,Waltz,0.17543859649122806,0.11193519171346467,0.11193519171346467,0.0,0.16666666666666666,0.0,0.0,0.047619047619047616,0.09523809523809523,0.16336990595150563
Media-105802,Waltz,0.2815533980582524,0.20967260610351454,0.35884498268767623,0.0,0.4117647058823529,0.0,0.0,0.0,0.0,0.020355278036555725
Media-104705,Waltz,0.20833333333333334,0.1282935980079394,0.20040620436975357,0.0,0.2857142857142857,0.0,0.0,0.046153846153846156,0.12307692307692308,0.11359493641353616
Media-104704,Waltz,0.2558139534883721,0.18424665481129465,0.3062132873993957,0.0,0.3333333333333333,0.0,0.0,0.0,0.0,0.017325133637917066
Media-105803,Waltz,0.2247191011235955,0.18547169433080155,0.25346217716406644,0.0,0.4339622641509434,0.03773584905660377,0.07547169811320754,0.03773584905660377,0.07547169811320754,0.08941714826162057
Media-104302,Waltz,0.06060606060606061,0.04661245219257497,0.07855908213619724,0.0,0.07142857142857142,0.0,0.0,0.0,0.0,0.1293602422935374
Media-100602,Waltz,0.24637681159420294,0.1863362060467734,0.3268468844893228,0.0,0.36633663366336633,0.0,0.0,0.009900990099009901,0.019801980198019802,0.03761908590880935
Media-105801,Waltz,0.0,0.008131664668353772,0.014088622007732574,0.0,0.05555555555555555,0.05555555555555555,0.05555555555555555,0.05555555555555555,0.05555555555555555,0.12189159234285153
Media-104504,Waltz,0.2783505154639175,0.20802315977779623,0.35231241158312143,0.0,0.43037974683544306,0.0,0.0,0.0,0.0,0.020456611620274814
Media-104303,Waltz,0.09523809523809525,0.04468513457115436,0.1138654861227995,0.0,0.4444444444444444,0.05555555555555555,0.05555555555555555,0.05555555555555555,0.05555555555555555,0.1426307491471785
Media-100603,Waltz,0.25742574257425743,0.20111259420253016,0.20499192115683643,0.0,0.4,0.015384615384615385,0.046153846153846156,0.015384615384615385,0.046153846153846156,0.15098004102742418
Albums-Chrisanne2-01,Waltz,0.05405405405405405,0.05239098564736944,0.09692332344763346,0.0,0.02857142857142857,0.0,0.0,0.0,0.0,0.08527036524344725
Albums-Ballroom_Magic-18,Waltz,0.052631578947368425,0.046447205399188965,0.09289441079837793,0.0,0.0,0.0,0.0,0.0,0.0,0.0
Media-105804,Waltz,0.20689655172413793,0.12808718138662753,0.19608537955272778,0.0,0.39215686274509803,0.0,0.0,0.0,0.0,0.06842584910532917
Media-104501,Waltz,0.0,0.0,0.0,0.0,0.0,0.0,0.0,0.0,0.0,0.0
Media-104703,Waltz,0.0,5.519118086967198e-41,1.0210368460889317e-40,0.0,0.0,0.0,0.0,0.0,0.0,0.04260695696026001
Media-104702,Waltz,0.0,0.0008944973973408892,0.0621334542989597,0.0,0.08108108108108109,0.0,0.0,0.3055555555555556,0.3333333333333333,0.2471349793393798
Media-105805,Waltz,0.2542372881355932,0.16161360363993524,0.2520209067576532,0.0,0.4024390243902439,0.012195121951219513,0.012195121951219513,0.012195121951219513,0.012195121951219513,0.050166477558131
Albums-Chrisanne2-02,Waltz,0.0,0.0,0.0,0.0,0.0,0.0,0.0,0.0,0.0,0.0
Media-100604,Waltz,0.27450980392156865,0.18482231613153374,0.27941509175198237,0.0,0.3333333333333333,0.015151515151515152,0.015151515151515152,0.030303030303030304,0.030303030303030304,0.09705122473308808
Media-104502,Waltz,0.24489795918367346,0.17976792705536168,0.27945780061660275,0.0,0.3387096774193548,0.0,0.0,0.03225806451612903,0.03225806451612903,0.11558038433711225
Media-104701,Waltz,0.2819383259911894,0.18974123880592517,0.32598275997538695,0.0,0.3177083333333333,0.0,0.0,0.0,0.0,0.022534307382478982
Albums-Fire-13,Waltz,0.0,0.0,0.0,0.0,0.0,0.0,0.0,0.0,0.0,0.0
Media-104503,Waltz,0.18181818181818182,0.14976230411571714,0.23347792197153855,0.0,0.36507936507936506,0.0,0.0,0.015873015873015872,0.015873015873015872,0.05773326807084659
Albums-Chrisanne2-03,Waltz,0.0,0.0,0.0,0.0,0.0,0.0,0.0,0.0,0.0,0.0
Media-105214,Waltz,0.0,0.0,0.0,0.0,0.0,0.0,0.0,0.0,0.0,0.0
Albums-Ballroom_Magic-03,Waltz,0.09090909090909091,0.08021561667347572,0.18010852531203214,0.0,0.05405405405405406,0.0,0.0,0.0,0.0,0.3254572945066153
Media-105002,Waltz,0.0,6.951801639789352e-57,1.28608330336103e-56,0.0,0.0,0.0,0.0,0.0,0.0,0.04260695696026018
Media-103301,Waltz,0.0,0.007130992526376892,0.04317711048984058,0.0,0.02857142857142857,0.0,0.0,0.0,0.0,0.16798284816719328
Media-104903,Waltz,0.2774566473988439,0.19625347274510135,0.31880896475875353,0.0,0.34782608695652173,0.0,0.0,0.0,0.0,0.02217151821793013
Media-104902,Waltz,0.04081632653061225,0.04506054917313582,0.0668954813337927,0.0,0.08333333333333333,0.0,0.0,0.16666666666666666,0.16666666666666666,0.10760808137143937
Media-105003,Waltz,0.0,0.0,0.0,0.0,0.0,0.0,0.0,0.0,0.0,0.0
Albums-Ballroom_Magic-02,Waltz,0.0,0.0,0.0,0.0,0.0,0.0,0.0,0.0,0.0,0.0
Media-105215,Waltz,0.0,0.0,0.0,0.0,0.0,0.0,0.0,0.0,0.0,0.0
Media-103302,Waltz,0.2391304347826087,0.15938918787004802,0.22385559563979215,0.0,0.38596491228070173,0.0,0.0,0.0,0.0,0.08576169413512211
Media-105001,Waltz,0.29523809523809524,0.19783014985292877,0.3412441431304402,0.0,0.3942857142857143,0.0,0.0,0.005714285714285714,0.005714285714285714,0.03109308813029958
Albums-Ballroom_Classics4-05,Waltz,0.23622047244094488,0.18767022408257453,0.31477625138000886,0.0,0.3888888888888889,0.0,0.0,0.03333333333333333,0.05555555555555555,0.06676107274583672
Media-104901,Waltz,0.2558139534883721,0.20093217098347702,0.22659288340435121,0.0,0.4230769230769231,0.019230769230769232,0.019230769230769232,0.11940298507462686,0.11940298507462686,0.09041654186229091
Albums-Ballroom_Classics4-04,Waltz,0.23129251700680273,0.17739368266514627,0.300914207037699,0.0,0.35454545454545455,0.0,0.0,0.0,0.0,0.04567928836417586
Media-103303,Waltz,0.136986301369863,0.08753577423335554,0.13958100207687027,0.0,0.32432432432432434,0.08108108108108109,0.16216216216216217,0.08108108108108109,0.21621621621621623,0.11844684380639184
Albums-Ballroom_Magic-01,Waltz,0.0,0.0,0.0,0.0,0.0,0.0,0.0,0.0,0.0,0.0
Media-105212,Waltz,0.0,0.0,0.0,0.0,0.0,0.0,0.0,0.0,0.0,0.0
Albums-Ballroom_Magic-05,Waltz,0.0,0.0,0.0,0.0,0.0,0.0,0.0,0.0,0.0,0.0
Media-105004,Waltz,0.0,0.0,0.0,0.0,0.0,0.0,0.0,0.0,0.0,0.0
Media-104905,Waltz,0.20454545454545453,0.16082099710634604,0.24189362972514394,0.0,0.37735849056603776,0.018867924528301886,0.018867924528301886,0.018867924528301886,0.028985507246376812,0.05592615892393304
Media-104904,Waltz,0.0,0.0,0.0,0.0,0.0,0.0,0.0,0.0,0.0,0.0
Albums-Ballroom_Classics4-01,Waltz,0.3888888888888889,0.3130195923574484,0.34281222972256253,0.0,0.37037037037037035,0.0,0.0,0.0,0.0,0.2048094632089825
Media-105005,Waltz,0.0,0.0,0.0,0.0,0.0,0.0,0.0,0.0,0.0,0.0
Albums-Ballroom_Magic-04,Waltz,0.0,0.0,0.0,0.0,0.0,0.0,0.0,0.0,0.0,0.0
Media-105213,Waltz,0.0,7.589131027314688e-10,1.4455487671075596e-09,0.0,0.0,0.0,0.0,0.0,0.0,0.04993310896207981
Media-105211,Waltz,0.0,0.0,0.0,0.0,0.0,0.0,0.0,0.0,0.0,0.0
Media-105007,Waltz,0.0,0.0,0.0,0.0,0.0,0.0,0.0,0.0,0.0,0.0
Albums-Ballroom_Classics4-03,Waltz,0.08888888888888888,0.05945129591543097,0.09582164948090795,0.0,0.08333333333333333,0.0,0.0,0.0,0.0,0.17373948435366912
Albums-Ballroom_Classics4-02,Waltz,0.3058823529411765,0.2257678393584786,0.3699099241617754,0.0,0.39552238805970147,0.0,0.0,0.0,0.0,0.04502027099351503
Media-105006,Waltz,0.16470588235294115,0.11920345366654457,0.16699114379416644,0.0,0.27419354838709675,0.0,0.0,0.0,0.0,0.09444786925763494
Media-105210,Waltz,0.0,2.0546306355360177e-06,3.815742608852605e-06,0.0,0.0,0.0,0.0,0.0,0.0,0.04782160712138629
Media-105101,Waltz,0.28712871287128716,0.20108047741681312,0.3458796410978073,0.0,0.39520958083832336,0.0,0.0,0.005988023952095809,0.005988023952095809,0.02003221923813684
Media-105303,Waltz,0.24324324324324326,0.14237024295526932,0.17085930421087606,0.0,0.42105263157894735,0.02631578947368421,0.02631578947368421,0.028169014084507043,0.056338028169014086,0.15945597338225695
Media-105302,Waltz,0.2962962962962963,0.20311032876860044,0.2884246232704167,0.0,0.3698630136986301,0.0,0.0,0.0,0.0,0.06464617681653777
Media-105316,Waltz,0.21276595744680848,0.18049634126707118,0.2527205742857792,0.0,0.4166666666666667,0.016666666666666666,0.016666666666666666,0.04477611940298507,0.07462686567164178,0.08728872976887382
Albums-Chrisanne1-01,Waltz,0.0,0.0,0.0,0.0,0.0,0.0,0.0,0.0,0.0,0.0
Media-105504,Waltz,0.2773722627737226,0.1939888014198007,0.3370514467887999,0.0,0.4158415841584158,0.0,0.0,0.0,0.0,0.037327303910448244
Albums-Secret_Garden-01,Waltz,0.0,0.0,0.0,0.0,0.0,0.0,0.0,0.0,0.0,0.0
Media-104801,Waltz,0.0,0.005369734594416946,0.06590891441543885,0.0,0.05405405405405406,0.0,0.0,0.0,0.0,0.11216567488788003
Media-104803,Waltz,0.0,0.0,0.0,0.0,0.0,0.0,0.0,0.0,0.0,0.0
Albums-Chrisanne1-03,Waltz,0.04444444444444444,0.029086324134034572,0.03833435217344143,0.0,0.14705882352941177,0.0,0.0,0.014925373134328358,0.014925373134328358,0.38493616917714596
Media-105704,Waltz,0.2543859649122807,0.20073274958185275,0.34516243047244816,0.0,0.40414507772020725,0.0,0.0,0.0,0.0,0.025995567168823282
Media-105102,Waltz,0.25680933852140075,0.20267223073712187,0.3377072001950924,0.0,0.4144144144144144,0.0045045045045045045,0.0045045045045045045,0.0045045045045045045,0.0045045045045045045,0.020696909977173147
Media-105301,Waltz,0.20833333333333334,0.14450709254154204,0.21103614463128198,0.0,0.423728813559322,0.0,0.0,0.0,0.0,0.09825739901121977
Media-105103,Waltz,0.0,0.0,0.0,0.0,0.0,0.0,0.0,0.0,0.0,0.0
Albums-Chrisanne1-02,Waltz,0.05555555555555555,0.05728382087578432,0.09430809091354472,0.0,0.06060606060606061,0.0,0.0,0.0,0.0,0.10370074377345734
Media-104802,Waltz,0.0,0.0,0.0,0.0,0.0,0.0,0.0,0.0,0.0,0.0
Albums-Secret_Garden-02,Waltz,0.0,0.0,0.0,0.0,0.0,0.0,0.0,0.0,0.0,0.0
Albums-Secret_Garden-06,Waltz,0.05128205128205129,0.031086503462486068,0.0577320778589027,0.0,0.02702702702702703,0.0,0.0,0.0,0.0,0.047821607121386125
Media-105503,Waltz,0.20000000000000004,0.13076440447892865,0.16103110905503756,0.0,0.40540540540540543,0.0,0.0,0.0,0.0,0.09238847642564259
Media-105701,Waltz,0.23880597014925375,0.17803352589344767,0.27346442842169727,0.0,0.41237113402061853,0.0,0.0,0.0,0.0,0.015074320622468182
Albums-Chrisanne3-03,Waltz,0.32558139534883723,0.2701449332547182,0.2835997702932278,0.0,0.19444444444444445,0.0,0.0,0.0,0.0,0.2196495119425587
Media-105304,Waltz,0.21276595744680848,0.12042758887964386,0.1729704878103605,0.0,0.3050847457627119,0.0,0.0,0.0,0.0,0.07605034926668419
Media-105106,Waltz,0.08955223880597014,0.05646664309951922,0.1474430595531842,0.0,0.17142857142857143,0.0,0.0,0.03125,0.0625,0.14262538481151543
Albums-Chrisanne3-02,Waltz,0.049999999999999996,0.04072143637802393,0.06563837762108508,0.0,0.05714285714285714,0.0,0.0,0.0,0.0,0.14926547766822776
Media-105502,Waltz,0.25599999999999995,0.18817951386913206,0.30257901595228687,0.0,0.4044943820224719,0.0,0.0,0.0,0.0,0.047995845170133195
Media-104805,Waltz,0.046511627906976744,0.050445108326132734,0.09038081908432115,0.0,0.08108108108108109,0.0,0.0,0.0,0.0,0.07180839678216262
Albums-Secret_Garden-05,Waltz,0.11320754716981132,0.09968201716527651,0.14192547920318777,0.0,0.2,0.1,0.1,0.20689655172413793,0.3103448275862069,0.17591821630524695
Media-105702,Waltz,0.3,0.20532417240028494,0.3323855087554624,0.0,0.4262295081967213,0.0,0.0,0.0,0.0,0.010371111584442228
Media-105104,Waltz,0.27411167512690354,0.19350608307543127,0.33869157377439935,0.0,0.41875,0.01875,0.025,0.01875,0.025,0.026933188040748755
Media-105105,Waltz,0.0,0.0,0.0,0.0,0.0,0.0,0.0,0.0,0.0,0.0
Albums-Chrisanne3-01,Waltz,0.0,0.0,0.0,0.0,0.0,0.0,0.0,0.0,0.0,0.0
Media-105703,Waltz,0.22000000000000003,0.1559906628475376,0.2309018726674226,0.0,0.421875,0.0,0.0,0.0,0.0,0.09238511528832186
Media-105501,Waltz,0.2434782608695652,0.18037286438943623,0.2624955159729201,0.0,0.4177215189873418,0.0,0.0,0.0,0.0,0.02666773709008925
Media-104804,Waltz,0.0,0.004187342564116443,0.007955950871821242,0.0,0.027777777777777776,0.0,0.0,0.0,0.0,0.12834723817576635
Media-104809,VienneseWaltz,0.2764227642276423,0.19025017188348017,0.2382818856774238,0.0,0.24,0.013333333333333334,0.013333333333333334,0.2916666666666667,0.4375,0.09241200817640284
Albums-Step_By_Step-10,VienneseWaltz,0.4430379746835443,0.3111282025009363,0.4257098803128804,0.0,0.43373493975903615,0.0,0.0,0.0,0.0,0.05150137863620094
Albums-Step_By_Step-11,VienneseWaltz,0.052173913043478265,0.05492533407663537,0.2747175189404353,0.0,0.06666666666666667,0.0,0.0,0.2,0.3,0.13799582603109453
Albums-Chrisanne1-08,VienneseWaltz,0.0,0.0,0.0,0.0,0.0,0.0,0.0,0.0,0.0,0.0
Media-104607,VienneseWaltz,0.0,0.0,0.0,0.0,0.0,0.0,0.0,0.0,0.0,0.0
Media-104407,VienneseWaltz,0.3448275862068965,0.24883390524054577,0.32622506463138373,0.0,0.35526315789473684,0.0,0.0,0.014492753623188406,0.014492753623188406,0.06105691731678671
Media-105309,VienneseWaltz,0.2898550724637681,0.21180181759215688,0.2901928430409559,0.0,0.3108108108108108,0.0,0.0,0.0,0.0,0.05512085898998545
Media-105308,VienneseWaltz,0.41610738255033564,0.2784936775937549,0.3692055066699935,0.0,0.41333333333333333,0.013333333333333334,0.04,0.013333333333333334,0.04,0.07431488254694614
Media-104406,VienneseWaltz,0.4024390243902439,0.2784559472160872,0.3527362117722493,0.0,0.4318181818181818,0.03409090909090909,0.14772727272727273,0.03409090909090909,0.14772727272727273,0.03149363120260297
Media-105907,VienneseWaltz,0.5572519083969466,0.38358287184152495,0.5975255900348001,0.0,0.4574468085106383,0.0,0.0,0.0,0.0,0.014971592716738303
Media-105708,VienneseWaltz,0.43979057591623033,0.32899287411982053,0.4577139378301384,0.0,0.4406779661016949,0.0,0.0,0.0,0.0,0.05694616708391144
Media-104210,VienneseWaltz,0.3287671232876712,0.22350316435329456,0.29786025478510003,0.0,0.3466666666666667,0.04,0.09333333333333334,0.04,0.09333333333333334,0.0772955671453466
Media-105318,VienneseWaltz,0.21359223300970875,0.11963266632909716,0.15057509572935446,0.0,0.17105263157894737,0.013157894736842105,0.013157894736842105,0.02631578947368421,0.05263157894736842,0.06315615025479303
Media-104211,VienneseWaltz,0.0,0.0,0.0,0.0,0.0,0.0,0.0,0.0,0.0,0.0
Media-105709,VienneseWaltz,0.3464566929133859,0.23201156738882656,0.28506581434055867,0.0,0.3108108108108108,0.0,0.0,0.013605442176870748,0.047619047619047616,0.1008456024590324
Media-105509,VienneseWaltz,0.4717948717948718,0.34820997182170377,0.5062561008674356,0.0,0.4297520661157025,0.0,0.0,0.05442176870748299,0.2653061224489796,0.03558547929522376
Albums-Chrisanne3-09,VienneseWaltz,0.0,0.0,0.0,0.0,0.0,0.0,0.0,0.0,0.0,0.0
Media-104212,VienneseWaltz,0.025974025974025976,0.019606223428294493,0.03870972317892263,0.0,0.013333333333333334,0.0,0.0,0.0,0.0,0.015342264671572025
Albums-Chrisanne3-08,VienneseWaltz,0.0,0.0,0.0,0.0,0.0,0.0,0.0,0.0,0.0,0.0
Albums-Chrisanne2-07,VienneseWaltz,0.0,0.0,0.0,0.0,0.0,0.0,0.0,0.0,0.0,0.0
Media-103308,VienneseWaltz,0.0,0.002866567404813398,0.010608648976426327,0.0,0.0,0.0,0.0,0.0,0.0,0.06339272917966145
Media-104507,VienneseWaltz,0.23529411764705882,0.14661010123737964,0.25801185008019883,0.0,0.22666666666666666,0.0,0.0,0.022727272727272728,0.045454545454545456,0.06880932932310284
Media-104711,VienneseWaltz,0.2786885245901639,0.18721780014067058,0.25717437188396997,0.0,0.273972602739726,0.0410958904109589,0.0821917808219178,0.061224489795918366,0.12244897959183673,0.06339272917966128
Albums-Ballroom_Magic-09,VienneseWaltz,0.0,0.0,0.0,0.0,0.0,0.0,0.0,0.0,0.0,0.0
Media-104909,VienneseWaltz,0.4782608695652174,0.35403666889470864,0.48590930013592,0.0,0.42727272727272725,0.0,0.0,0.0,0.0,0.03599116971387838
Media-104712,VienneseWaltz,0.34782608695652173,0.2269538959631703,0.2304800553801299,0.0,0.2894736842105263,0.0,0.0,0.3333333333333333,0.3333333333333333,0.06260217943254304
Media-104908,VienneseWaltz,0.0,0.0,0.0,0.0,0.0,0.0,0.0,0.0,0.0,0.0
Media-104307,VienneseWaltz,0.0,0.0,0.0,0.0,0.0,0.0,0.0,0.0,0.0,0.0
Media-105810,VienneseWaltz,0.13793103448275865,0.12081010603152482,0.12081010603152482,0.0,0.0821917808219178,0.0,0.0,0.0,0.0,0.11796932651609034
Media-105811,VienneseWaltz,0.8571428571428572,0.7652011098201051,0.7652011098201051,1.0,0.8513513513513513,0.8378378378378378,0.8378378378378378,0.8378378378378378,0.8378378378378378,0.32553848815714226
Media-100610,VienneseWaltz,0.3230769230769231,0.21262325409593286,0.24101898037553948,0.0,0.32432432432432434,0.04054054054054054,0.04054054054054054,0.04054054054054054,0.07142857142857142,0.044112079655495205
Media-105812,VienneseWaltz,0.0,0.0,0.0,0.0,0.0,0.0,0.0,0.0,0.0,0.0
Media-103315,VienneseWaltz,0.4372093023255814,0.31772134053280077,0.47468835387294983,0.0,0.3669064748201439,0.0,0.0,0.0,0.0,0.03149060341943795
Media-104308,VienneseWaltz,0.11764705882352941,0.09200443549497823,0.18706500457259223,0.0,0.12,0.0,0.0,0.02702702702702703,0.05405405405405406,0.05860599897975233
Media-100608,VienneseWaltz,0.42236024844720493,0.25603061811152866,0.3664705085216634,0.0,0.4186046511627907,0.0,0.0,0.011627906976744186,0.023255813953488372,0.06946097262901035
Albums-Ballroom_Classics4-12,VienneseWaltz,0.15841584158415842,0.12501832061683957,0.15588605090595803,0.0,0.125,0.027777777777777776,0.027777777777777776,0.05555555555555555,0.05555555555555555,0.046762830264041
Albums-Ballroom_Classics4-13,VienneseWaltz,0.2777777777777778,0.19640556672448153,0.2148154853045542,0.0,0.2465753424657534,0.0410958904109589,0.1095890410958904,0.041666666666666664,0.1095890410958904,0.07069199665591289
Media-104309,VienneseWaltz,0.2153846153846154,0.1633992251872834,0.30458261356321464,0.0,0.18666666666666668,0.04,0.08,0.04,0.0945945945945946,0.08725036241142364
Media-100609,VienneseWaltz,0.2340425531914893,0.12977884374930138,0.12977884374930138,0.0,0.1506849315068493,0.0136986301369863,0.0136986301369863,0.027777777777777776,0.027777777777777776,0.08410313220304577
Albums-Ballroom_Classics4-11,VienneseWaltz,0.40740740740740733,0.2900037338447847,0.39492335158349534,0.0,0.4157303370786517,0.0,0.0,0.020689655172413793,0.08275862068965517,0.04573018802654355
Media-105809,VienneseWaltz,0.4615384615384615,0.3072315921224864,0.4248026170125417,0.0,0.43157894736842106,0.0,0.0,0.02040816326530612,0.14285714285714285,0.02773334606680366
Albums-Ballroom_Magic-11,VienneseWaltz,0.0,0.0,0.0,0.0,0.0,0.0,0.0,0.0,0.0,0.0
Media-105010,VienneseWaltz,0.256,0.1732225156417919,0.25751111586303826,0.0,0.21333333333333335,0.013333333333333334,0.013333333333333334,0.08,0.16,0.07663690187866694
Media-103307,VienneseWaltz,0.1372549019607843,0.08549256348771044,0.22408517883161597,0.0,0.0945945945945946,0.0,0.0,0.02702702702702703,0.05405405405405406,0.06743130316760998
Albums-Ballroom_Classics4-14,VienneseWaltz,0.3252032520325203,0.22538559036404796,0.29517947507475795,0.0,0.3150684931506849,0.0273972602739726,0.0273972602739726,0.027777777777777776,0.08,0.07591275148104237
Media-104508,VienneseWaltz,0.16494845360824742,0.120917994026101,0.1485244794367559,0.0,0.12162162162162163,0.0,0.0,0.05405405405405406,0.08108108108108109,0.09547813709570285
Media-105011,VienneseWaltz,0.21568627450980396,0.19564068261507836,0.20393637381638913,0.0,0.15789473684210525,0.0,0.0,0.15789473684210525,0.15789473684210525,0.08320850623001676
Albums-Ballroom_Magic-10,VienneseWaltz,0.0,0.0,0.0,0.0,0.0,0.0,0.0,0.0,0.0,0.0
Media-105511,VienneseWaltz,0.441025641025641,0.3132244153611219,0.45429157267003617,0.0,0.4049586776859504,0.0,0.0,0.008264462809917356,0.008264462809917356,0.021016034654831213
Media-105510,VienneseWaltz,0.22680412371134018,0.19105200800770467,0.2694909930988958,0.0,0.16666666666666666,0.013888888888888888,0.013888888888888888,0.05555555555555555,0.08333333333333333,0.05162176319157425
Media-105710,VienneseWaltz,0.36000000000000004,0.25409581699455824,0.3481542469346964,0.0,0.4473684210526316,0.0,0.0,0.0,0.0,0.0788505714933472
Media-104209,VienneseWaltz,0.3090909090909091,0.2016825911286191,0.20964392139106638,0.0,0.25333333333333335,0.02666666666666667,0.02666666666666667,0.21621621621621623,0.24324324324324326,0.06358339661279076
Albums-Chrisanne3-07,VienneseWaltz,0.0,0.0,0.0,0.0,0.0,0.0,0.0,0.0,0.0,0.0
Media-104609,VienneseWaltz,0.0,2.076508591947294e-05,0.04965699171485063,0.0,0.0,0.0,0.0,0.0,0.0,0.08706567943095679
Media-105112,VienneseWaltz,0.2830188679245283,0.2008107019249579,0.22416613498023902,0.0,0.21621621621621623,0.013513513513513514,0.02702702702702703,0.02702702702702703,0.05405405405405406,0.07818818884270114
Albums-Chrisanne1-07,VienneseWaltz,0.0,0.0,0.0,0.0,0.0,0.0,0.0,0.0,0.0,0.0
Media-104608,VienneseWaltz,0.2857142857142857,0.1611513256327509,0.1611513256327509,0.0,0.2191780821917808,0.0136986301369863,0.0136986301369863,0.05128205128205128,0.10256410256410256,0.06850649387113937
Media-104811,VienneseWaltz,0.1523809523809524,0.11611926955813699,0.15250309718356436,0.0,0.10666666666666667,0.0,0.0,0.07894736842105263,0.13157894736842105,0.07165950424562832
Media-104408,VienneseWaltz,0.11363636363636365,0.07902971291249444,0.09923496297844944,0.0,0.05333333333333334,0.0,0.0,0.0,0.0,0.06073322169026527
Media-105110,VienneseWaltz,0.5089605734767025,0.3721030500031825,0.5835514627794498,0.0,0.42788461538461536,0.0,0.0,0.0,0.0,0.022552390891217102
Media-105307,VienneseWaltz,0.17204301075268819,0.11657458983545643,0.16865530965147585,0.0,0.10810810810810811,0.0,0.0,0.02702702702702703,0.05405405405405406,0.09903439404422158
Media-105111,VienneseWaltz,0.47058823529411764,0.3330148448299208,0.46499180703270765,0.0,0.44329896907216493,0.010309278350515464,0.010309278350515464,0.010309278350515464,0.010309278350515464,0.05540156006689566
Albums-Step_By_Step-09,VienneseWaltz,0.0,0.0,0.0,0.0,0.0,0.0,0.0,0.0,0.0,0.0
Media-104409,VienneseWaltz,0.22222222222222218,0.16144025220595384,0.20826931530025886,0.0,0.17105263157894737,0.0,0.0,0.02631578947368421,0.10526315789473684,0.07999109986955777
Media-104810,VienneseWaltz,0.18867924528301885,0.13788340808439883,0.17040540588748582,0.0,0.13333333333333333,0.013333333333333334,0.04,0.02631578947368421,0.04,0.06831225916855557
Media-106005,ChaChaCha,0.0,0.0,0.0,0.0,0.0,0.0,0.0,0.0,0.0,0.0
Media-103801,ChaChaCha,0.0,0.0,0.0,0.0,0.0,0.0,0.0,0.0,0.0,0.0
Media-103803,ChaChaCha,0.0,0.0,0.0,0.0,0.0,0.0,0.0,0.0,0.0,0.0
Media-106006,ChaChaCha,0.0,0.0,0.0,0.0,0.0,0.0,0.0,0.0,0.0,0.0
Albums-Cafe_Paradiso-08,ChaChaCha,0.0,0.0,0.0,0.0,0.0,0.0,0.0,0.0,0.0,0.0
Albums-Latin_Jam4-01,ChaChaCha,0.0,0.0,0.0,0.0,0.0,0.0,0.0,0.0,0.0,0.0
Media-106007,ChaChaCha,0.0,0.0,0.0,0.0,0.0,0.0,0.0,0.0,0.0,0.0
Media-103816,ChaChaCha,0.0,0.0,0.0,0.0,0.0,0.0,0.0,0.0,0.0,0.0
Media-103802,ChaChaCha,0.0,0.0,0.0,0.0,0.0,0.0,0.0,0.0,0.0,0.0
Albums-Latin_Jam4-11,ChaChaCha,0.0,0.0,0.0,0.0,0.0,0.0,0.0,0.0,0.0,0.0
Albums-Pais_Tropical-05,ChaChaCha,0.0,0.0,0.0,0.0,0.0,0.0,0.0,0.0,0.0,0.0
Media-104012,ChaChaCha,0.0,0.0,0.0,0.0,0.0,0.0,0.0,0.0,0.0,0.0
Media-103408,ChaChaCha,0.0,0.0,0.0,0.0,0.0,0.0,0.0,0.0,0.0,0.0
Albums-Latin_Jam4-06,ChaChaCha,0.0,0.0,0.0,0.0,0.0,0.0,0.0,0.0,0.0,0.0
Albums-Pais_Tropical-06,ChaChaCha,0.0,0.0,0.0,0.0,0.0,0.0,0.0,0.0,0.0,0.0
Media-104011,ChaChaCha,0.0,0.0,0.0,0.0,0.0,0.0,0.0,0.0,0.0,0.0
Media-104010,ChaChaCha,0.0,0.0,0.0,0.0,0.0,0.0,0.0,0.0,0.0,0.0
Albums-Pais_Tropical-07,ChaChaCha,0.0,0.0,0.0,0.0,0.0,0.0,0.0,0.0,0.0,0.0
Media-103409,ChaChaCha,0.0,0.0,0.0,0.0,0.0,0.0,0.0,0.0,0.0,0.0
Media-103804,ChaChaCha,0.0,0.0,0.0,0.0,0.0,0.0,0.0,0.0,0.0,0.0
Albums-I_Like_It2-02,ChaChaCha,0.0,0.0,0.0,0.0,0.0,0.0,0.0,0.0,0.0,0.0
Albums-I_Like_It2-01,ChaChaCha,0.0,0.0,0.0,0.0,0.0,0.0,0.0,0.0,0.0,0.0
Albums-Fire-14,ChaChaCha,0.0,0.0,0.0,0.0,0.0,0.0,0.0,0.0,0.0,0.0
Media-106105,ChaChaCha,0.0,0.0,0.0,0.0,0.0,0.0,0.0,0.0,0.0,0.0
Media-106104,ChaChaCha,0.0,0.0,0.0,0.0,0.0,0.0,0.0,0.0,0.0,0.0
Albums-Fire-01,ChaChaCha,0.0,0.0,0.0,0.0,0.0,0.0,0.0,0.0,0.0,0.0
Albums-Latino_Latino-01,ChaChaCha,0.0,0.0,0.0,0.0,0.0,0.0,0.0,0.0,0.0,0.0
Media-104111,ChaChaCha,0.0,0.0,0.0,0.0,0.0,0.0,0.0,0.0,0.0,0.0
Media-103508,ChaChaCha,0.0,0.0,0.0,0.0,0.0,0.0,0.0,0.0,0.0,0.0
Albums-Latin_Jam2-13,ChaChaCha,0.0,0.0,0.0,0.0,0.0,0.0,0.0,0.0,0.0,0.0
Media-106101,ChaChaCha,0.0,0.0,0.0,0.0,0.0,0.0,0.0,0.0,0.0,0.0
Albums-Latin_Jam2-06,ChaChaCha,0.0,0.0,0.0,0.0,0.0,0.0,0.0,0.0,0.0,0.0
Media-103910,ChaChaCha,0.0,0.0,0.0,0.0,0.0,0.0,0.0,0.0,0.0,0.0
Media-103509,ChaChaCha,0.0,0.0,0.0,0.0,0.0,0.0,0.0,0.0,0.0,0.0
Albums-Latino_Latino-04,ChaChaCha,0.0,0.0,0.0,0.0,0.0,0.0,0.0,0.0,0.0,0.0
Media-104110,ChaChaCha,0.0,5.790580767711704e-25,1.0960742167454298e-24,0.0,0.0,0.0,0.0,0.0,0.0,0.029064561166458985
Media-104106,ChaChaCha,0.0,0.0,0.0,0.0,0.0,0.0,0.0,0.0,0.0,0.0
Albums-Latino_Latino-06,ChaChaCha,0.0,0.0,0.0,0.0,0.0,0.0,0.0,0.0,0.0,0.0
Media-103906,ChaChaCha,0.0,0.0,0.0,0.0,0.0,0.0,0.0,0.0,0.0,0.0
Media-106103,ChaChaCha,0.0,0.0,0.0,0.0,0.0,0.0,0.0,0.0,0.0,0.0
Media-106117,ChaChaCha,0.2830188679245283,0.1828256029616576,0.25603749972913403,0.0,0.4264705882352941,0.0,0.0,0.014705882352941176,0.014705882352941176,0.06419089818694691
Albums-Latin_Jam2-04,ChaChaCha,0.0,0.0,0.0,0.0,0.0,0.0,0.0,0.0,0.0,0.0
Albums-Latin_Jam2-05,ChaChaCha,0.0,0.0,0.0,0.0,0.0,0.0,0.0,0.0,0.0,0.0
Media-106102,ChaChaCha,0.0,0.0041057385188244064,0.007918210000589808,0.0,0.019230769230769232,0.0,0.0,0.0,0.0,0.050862203787610666
Media-103907,ChaChaCha,0.0,0.0,0.0,0.0,0.0,0.0,0.0,0.0,0.0,0.0
Media-104107,ChaChaCha,0.0,0.0,0.0,0.0,0.0,0.0,0.0,0.0,0.0,0.0
Media-103507,ChaChaCha,0.0,0.0,0.0,0.0,0.0,0.0,0.0,0.0,0.0,0.0
Media-105604,ChaChaCha,0.0,0.0,0.0,0.0,0.0,0.0,0.0,0.0,0.0,0.0
Media-105406,ChaChaCha,0.0,0.0,0.0,0.0,0.0,0.0,0.0,0.0,0.0,0.0
Media-105407,ChaChaCha,0.0,0.0,0.0,0.0,0.0,0.0,0.0,0.0,0.0,0.0
Media-103704,ChaChaCha,0.0,0.0,0.0,0.0,0.0,0.0,0.0,0.0,0.0,0.0
Media-105605,ChaChaCha,0.0,0.0,0.0,0.0,0.0,0.0,0.0,0.0,0.0,0.0
Media-104109,ChaChaCha,0.0,0.0,0.0,0.0,0.0,0.0,0.0,0.0,0.0,0.0
Albums-Latin_Jam-01,ChaChaCha,0.0,0.0,0.0,0.0,0.0,0.0,0.0,0.0,0.0,0.0
Media-103510,ChaChaCha,0.037037037037037035,0.008213594570749218,0.0158405038150163,0.0,0.019230769230769232,0.0,0.0,0.0,0.0,0.022146448212388547
Albums-Macumba-04,ChaChaCha,0.0,0.0,0.0,0.0,0.0,0.0,0.0,0.0,0.0,0.0
Media-103909,ChaChaCha,0.0,0.0,0.0,0.0,0.0,0.0,0.0,0.0,0.0,0.0
Media-105405,ChaChaCha,0.0,0.0,0.0,0.0,0.0,0.0,0.0,0.0,0.0,0.0
Albums-Latin_Jam5-02,ChaChaCha,0.0,0.0,0.0,0.0,0.0,0.0,0.0,0.0,0.0,0.0
Media-103908,ChaChaCha,0.0,0.0,0.0,0.0,0.0,0.0,0.0,0.0,0.0,0.0
Albums-Fire-08,ChaChaCha,0.0,0.0,0.0,0.0,0.0,0.0,0.0,0.0,0.0,0.0
Media-104108,ChaChaCha,0.0,0.0,0.0,0.0,0.0,0.0,0.0,0.0,0.0,0.0
Albums-Latin_Jam-04,ChaChaCha,0.0,0.0,0.0,0.0,0.0,0.0,0.0,0.0,0.0,0.0
Media-105602,ChaChaCha,0.0,0.0,0.0,0.0,0.0,0.0,0.0,0.0,0.0,0.0
Albums-Macumba-01,ChaChaCha,0.0,7.668538118456375e-08,0.0595251760146293,0.0,0.0,0.0,0.0,0.0,0.0,0.27864315763377345
Media-103703,ChaChaCha,0.0,0.0,0.0,0.0,0.0,0.0,0.0,0.0,0.0,0.0
Albums-Latin_Jam5-07,ChaChaCha,0.0,0.0,0.0,0.0,0.0,0.0,0.0,0.0,0.0,0.0
Media-103702,ChaChaCha,0.0,0.0,0.0,0.0,0.0,0.0,0.0,0.0,0.0,0.0
Media-103716,ChaChaCha,0.0,0.0,0.0,0.0,0.0,0.0,0.0,0.0,0.0,0.0
Media-105603,ChaChaCha,0.0,0.0,0.0,0.0,0.0,0.0,0.0,0.0,0.0,0.0
Albums-Latin_Jam-13,ChaChaCha,0.0,0.0,0.0,0.0,0.0,0.0,0.0,0.0,0.0,0.0
Albums-Latin_Jam-07,ChaChaCha,0.0,0.0,0.0,0.0,0.0,0.0,0.0,0.0,0.0,0.0
Albums-Macumba-02,ChaChaCha,0.0,0.0,0.0,0.0,0.0,0.0,0.0,0.0,0.0,0.0
Media-105601,ChaChaCha,0.0,0.0005048870475677613,0.0020772049117602533,0.0,0.0,0.0,0.0,0.11538461538461539,0.11538461538461539,0.046466741900747684
Media-105417,ChaChaCha,0.0,0.0,0.0,0.0,0.0,0.0,0.0,0.0,0.0,0.0
Albums-Latin_Jam5-11,ChaChaCha,0.0,0.0,0.0,0.0,0.0,0.0,0.0,0.0,0.0,0.0
Media-103701,ChaChaCha,0.0,0.0,0.0,0.0,0.0,0.0,0.0,0.0,0.0,0.0
Albums-Macumba-03,ChaChaCha,0.0,0.0,0.0,0.0,0.0,0.0,0.0,0.0,0.0,0.0
Albums-Mambo_Kings-11,ChaChaCha,0.0,0.0,0.0,0.0,0.0,0.0,0.0,0.0,0.0,0.0
Media-103410,ChaChaCha,0.0,0.0,0.0,0.0,0.0,0.0,0.0,0.0,0.0,0.0
Albums-Latin_Jam3-03,ChaChaCha,0.0,0.0,0.0,0.0,0.0,0.0,0.0,0.0,0.0,0.0
Media-103404,ChaChaCha,0.0,0.0,0.0,0.0,0.0,0.0,0.0,0.0,0.0,0.0
Media-104009,ChaChaCha,0.0,0.0,0.0,0.0,0.0,0.0,0.0,0.0,0.0,0.0
Media-103405,ChaChaCha,0.0,0.0,0.0,0.0,0.0,0.0,0.0,0.0,0.0,0.0
Media-103411,ChaChaCha,0.0,0.0008601577691929528,0.0016281557774009462,0.0,0.0,0.0,0.0,0.0,0.0,0.05834337077256748
Albums-Latin_Jam3-02,ChaChaCha,0.0,0.0,0.0,0.0,0.0,0.0,0.0,0.0,0.0,0.0
Albums-Mambo_Kings-10,ChaChaCha,0.0,0.0,0.0,0.0,0.0,0.0,0.0,0.0,0.0,0.0
Albums-Mambo_Kings-12,ChaChaCha,0.0,0.0,0.0,0.0,0.0,0.0,0.0,0.0,0.0,0.0
Media-103407,ChaChaCha,0.0,0.0,0.0,0.0,0.0,0.0,0.0,0.0,0.0,0.0
Media-103413,ChaChaCha,0.0,0.0,0.0,0.0,0.0,0.0,0.0,0.0,0.0,0.0
Albums-Pais_Tropical-08,ChaChaCha,0.0,0.0,0.0,0.0,0.0,0.0,0.0,0.0,0.0,0.0
Albums-Latin_Jam3-01,ChaChaCha,0.0,0.0,0.0,0.0,0.0,0.0,0.0,0.0,0.0,0.0
Media-103412,ChaChaCha,0.0,0.0,0.0,0.0,0.0,0.0,0.0,0.0,0.0,0.0
Media-103406,ChaChaCha,0.0,0.0,0.0,0.0,0.0,0.0,0.0,0.0,0.0,0.0
Media-103604,ChaChaCha,0.0,0.0,0.0,0.0,0.0,0.0,0.0,0.0,0.0,0.0
Albums-Mambo_Kings-03,ChaChaCha,0.0,0.0,0.0,0.0,0.0,0.0,0.0,0.0,0.0,0.0
Media-103402,ChaChaCha,0.0,0.0,0.0,0.0,0.0,0.0,0.0,0.0,0.0,0.0
Media-103416,ChaChaCha,0.0,0.0,0.0,0.0,0.0,0.0,0.0,0.0,0.0,0.0
Albums-Cafe_Paradiso-05,ChaChaCha,0.0,0.0,0.0,0.0,0.0,0.0,0.0,0.0,0.0,0.0
Media-103417,ChaChaCha,0.0,0.0,0.0,0.0,0.0,0.0,0.0,0.0,0.0,0.0
Media-103403,ChaChaCha,0.0,0.0016898820624385966,0.003254587675807668,0.0,0.02,0.0,0.0,0.0,0.0,0.06601817668563567
Media-103601,ChaChaCha,0.0,0.0,0.0,0.0,0.0,0.0,0.0,0.0,0.0,0.0
Media-103617,ChaChaCha,0.1971830985915493,0.11850525356172303,0.15596554291711068,0.0,0.2608695652173913,0.0,0.0,0.0,0.0,0.22280620212634825
Media-103603,ChaChaCha,0.0,0.0,0.0,0.0,0.0,0.0,0.0,0.0,0.0,0.0
Media-103415,ChaChaCha,0.0,0.0,0.0,0.0,0.0,0.0,0.0,0.0,0.0,0.0
Media-103401,ChaChaCha,0.0,0.0,0.0,0.0,0.0,0.0,0.0,0.0,0.0,0.0
Albums-Cafe_Paradiso-07,ChaChaCha,0.0,0.0,0.0,0.0,0.0,0.0,0.0,0.0,0.0,0.0
Albums-Cafe_Paradiso-06,ChaChaCha,0.0,0.0,0.0,0.0,0.0,0.0,0.0,0.0,0.0,0.0
Media-103414,ChaChaCha,0.0,0.0,0.0,0.0,0.0,0.0,0.0,0.0,0.0,0.0
Media-103602,ChaChaCha,0.0,0.001994325190833582,0.030882992132982692,0.0,0.0196078431372549,0.0,0.0,0.0,0.0,0.04370396596951315
Media-106008,ChaChaCha,0.0,0.0,0.0,0.0,0.0,0.0,0.0,0.0,0.0,0.0
Albums-AnaBelen_Veneo-13,Rumba-American,0.0,0.0,0.0,0.0,0.0,0.0,0.0,0.0,0.0,0.0
Albums-GloriaEstefan_MiTierra-04,Rumba-American,0.0,0.0,0.0,0.0,0.0,0.0,0.0,0.0,0.0,0.0
Albums-Latino_Latino-05,Rumba-American,0.0,0.0,0.0,0.0,0.0,0.0,0.0,0.0,0.0,0.0
Albums-Latino_Latino-10,Rumba-American,0.0,0.0,0.0,0.0,0.0,0.0,0.0,0.0,0.0,0.0
Albums-GloriaEstefan_MiTierra-06,Rumba-American,0.0,0.0,0.0,0.0,0.0,0.0,0.0,0.0,0.0,0.0
Albums-Latino_Latino-09,Rumba-American,0.0,0.0,0.0,0.0,0.0,0.0,0.0,0.0,0.0,0.0
Albums-I_Like_It2-09,Rumba-American,0.41106719367588934,0.2657505695550551,0.4411324175808926,0.0,0.3582089552238806,0.0,0.0,0.0,0.0,0.020168921296900347
Media-103814,Jive,0.0,0.0,0.0,0.0,0.0,0.0,0.0,0.0,0.0,0.0
Media-104015,Jive,0.07692307692307693,0.07201906745313767,0.08147759996665281,0.0,0.04411764705882353,0.0,0.0,0.08823529411764706,0.08823529411764706,0.09785602803795122
Albums-Pais_Tropical-16,Jive,0.0,0.0,0.0,0.0,0.0,0.0,0.0,0.0,0.0,0.0
Albums-Pais_Tropical-14,Jive,0.0,0.0,0.0,0.0,0.0,0.0,0.0,0.0,0.0,0.0
Media-104017,Jive,0.0,0.0,0.0,0.0,0.0,0.0,0.0,0.0,0.0,0.0
Media-104016,Jive,0.0,0.0,0.0,0.0,0.0,0.0,0.0,0.0,0.0,0.0
Albums-Pais_Tropical-15,Jive,0.0,0.0,0.0,0.0,0.0,0.0,0.0,0.0,0.0,0.0
Media-103619,Jive,0.0,0.0,0.0,0.0,0.0,0.0,0.0,0.0,0.0,0.0
Media-106017,Jive,0.0,0.0,0.0,0.0,0.0,0.0,0.0,0.0,0.0,0.0
Albums-Latin_Jam4-05,Jive,0.0,0.0,0.0,0.0,0.0,0.0,0.0,0.0,0.0,0.0
Albums-Latin_Jam4-10,Jive,0.0,0.0,0.0,0.0,0.0,0.0,0.0,0.0,0.0,0.0
Media-106016,Jive,0.0,0.0,0.0,0.0,0.0,0.0,0.0,0.0,0.0,0.0
Media-103813,Jive,0.0,0.0,0.0,0.0,0.0,0.0,0.0,0.0,0.0,0.0
Albums-Commitments-10,Jive,0.0,0.0,0.0,0.0,0.0,0.0,0.0,0.0,0.0,0.0
Albums-Pais_Tropical-13,Jive,0.0,0.0,0.0,0.0,0.0,0.0,0.0,0.0,0.0,0.0
Media-106015,Jive,0.0,0.0,0.0,0.0,0.0,0.0,0.0,0.0,0.0,0.0
Media-104117,Jive,0.0,0.0,0.0,0.0,0.0,0.0,0.0,0.0,0.0,0.0
Media-103917,Jive,0.0,0.0,0.0,0.0,0.0,0.0,0.0,0.0,0.0,0.0
Media-103718,Jive,0.0,0.0,0.0,0.0,0.0,0.0,0.0,0.0,0.0,0.0
Albums-Latin_Jam5-09,Jive,0.0,0.0,0.0,0.0,0.0,0.0,0.0,0.0,0.0,0.0
Media-103719,Jive,0.0,0.0,0.0,0.0,0.0,0.0,0.0,0.0,0.0,0.0
Media-104116,Jive,0.0,0.0,0.0,0.0,0.0,0.0,0.0,0.0,0.0,0.0
Media-106114,Jive,0.0,0.0,0.0,0.0,0.0,0.0,0.0,0.0,0.0,0.0
Albums-Latin_Jam2-12,Jive,0.0,0.0,0.0,0.0,0.0,0.0,0.0,0.0,0.0,0.0
Media-106115,Jive,0.0,0.0,0.0,0.0,0.0,0.0,0.0,0.0,0.0,0.0
Media-105420,Jive,0.0655737704918033,0.057207635250535044,0.21178227232823313,0.0,0.038461538461538464,0.0,0.0,0.038461538461538464,0.038461538461538464,0.1276196983658663
Albums-Fire-12,Jive,0.0,0.0,0.0,0.0,0.0,0.0,0.0,0.0,0.0,0.0
Media-106116,Jive,0.0,0.0,0.0,0.0,0.0,0.0,0.0,0.0,0.0,0.0
Albums-Latin_Jam2-11,Jive,0.0,0.0,0.0,0.0,0.0,0.0,0.0,0.0,0.0,0.0
Albums-Fire-07,Jive,0.0,0.0,0.0,0.0,0.0,0.0,0.0,0.0,0.0,0.0
Media-105413,Jive,0.0,0.0,0.0,0.0,0.0,0.0,0.0,0.0,0.0,0.0
Media-103713,Jive,0.0,0.0,0.0,0.0,0.0,0.0,0.0,0.0,0.0,0.0
Media-103920,Jive,0.0,0.0,0.0,0.0,0.0,0.0,0.0,0.0,0.0,0.0
Media-104118,Jive,0.0,0.0,0.0,0.0,0.0,0.0,0.0,0.0,0.0,0.0
Media-103515,Jive,0.0,0.0,0.0,0.0,0.0,0.0,0.0,0.0,0.0,0.0
Albums-Macumba-15,Jive,0.0,0.0,0.0,0.0,0.0,0.0,0.0,0.0,0.0,0.0
Media-103918,Jive,0.0,0.0,0.0,0.0,0.0,0.0,0.0,0.0,0.0,0.0
Media-105414,Jive,0.0,0.0,0.0,0.0,0.0,0.0,0.0,0.0,0.0,0.0
Media-105415,Jive,0.0,0.0,0.0,0.0,0.0,0.0,0.0,0.0,0.0,0.0
Media-103919,Jive,0.0,0.0,0.0,0.0,0.0,0.0,0.0,0.0,0.0,0.0
Albums-Macumba-14,Jive,0.0,0.0,0.0,0.0,0.0,0.0,0.0,0.0,0.0,0.0
Albums-Latin_Jam-11,Jive,0.0,0.0,0.0,0.0,0.0,0.0,0.0,0.0,0.0,0.0
Media-104119,Jive,0.0,0.0,0.0,0.0,0.0,0.0,0.0,0.0,0.0,0.0
Albums-Macumba-16,Jive,0.0,0.0,0.0,0.0,0.0,0.0,0.0,0.0,0.0,0.0
Media-103516,Jive,0.0,0.0,0.0,0.0,0.0,0.0,0.0,0.0,0.0,0.0
Albums-Latin_Jam5-04,Jive,0.0,0.0,0.0,0.0,0.0,0.0,0.0,0.0,0.0,0.0
Media-103714,Jive,0.0,0.0,0.0,0.0,0.0,0.0,0.0,0.0,0.0,0.0
Media-103517,Jive,0.0,0.0,0.0,0.0,0.0,0.0,0.0,0.0,0.0,0.0
Albums-Latin_Jam-12,Jive,0.0,0.0,0.0,0.0,0.0,0.0,0.0,0.0,0.0,0.0
Media-103612,Jive,0.025974025974025972,0.023304203858194948,0.03423125689867703,0.0,0.0273972602739726,0.0,0.0,0.0,0.0,0.054418647433582094
Albums-Cafe_Paradiso-16,Jive,0.0,0.0,0.0,0.0,0.0,0.0,0.0,0.0,0.0,0.0
Albums-Commitments-08,Jive,0.0,4.2044350673796566e-234,8.058500545811009e-234,0.0,0.0,0.0,0.0,0.0,0.0,0.0592911024783445
Media-103613,Jive,0.0,0.0,0.0,0.0,0.0,0.0,0.0,0.0,0.0,0.0
Media-103611,Jive,0.0,0.0,0.0,0.0,0.0,0.0,0.0,0.0,0.0,0.0
Albums-Cafe_Paradiso-15,Jive,0.0,0.0,0.0,0.0,0.0,0.0,0.0,0.0,0.0,0.0
Albums-Cafe_Paradiso-14,Jive,0.0,0.0,0.0,0.0,0.0,0.0,0.0,0.0,0.0,0.0
Media-103614,Jive,0.0,0.0,0.0,0.0,0.0,0.0,0.0,0.0,0.0,0.0
Albums-Latin_Jam3-11,Jive,0.0,0.0,0.0,0.0,0.0,0.0,0.0,0.0,0.0,0.0
Albums-Latin_Jam3-12,Jive,0.0,0.0,0.0,0.0,0.0,0.0,0.0,0.0,0.0,0.0
Media-103819,Jive,0.0,0.0,0.0,0.0,0.0,0.0,0.0,0.0,0.0,0.0
Media-104606,Tango,0.0,0.0,0.0,0.0,0.0,0.0,0.0,0.0,0.0,0.0
Media-104404,Tango,0.0,0.0,0.0,0.0,0.0,0.0,0.0,0.0,0.0,0.0
Media-105108,Tango,0.1794871794871795,0.12782342476504932,0.1495599483944595,0.0,0.1509433962264151,0.0,0.0,0.15384615384615385,0.38461538461538464,0.1396536322681524
Media-105109,Tango,0.0,0.0,0.0,0.0,0.0,0.0,0.0,0.0,0.0,0.0
Albums-Step_By_Step-05,Tango,0.08333333333333333,0.05015945994414155,0.0810022969199828,0.0,0.1111111111111111,0.0,0.0,0.0,0.0,0.1203166476897696
Media-104405,Tango,0.0,0.0,0.0,0.0,0.0,0.0,0.0,0.0,0.0,0.0
Media-104808,Tango,0.32786885245901637,0.23041554780489146,0.27760636178947157,0.0,0.44776119402985076,0.029850746268656716,0.029850746268656716,0.03669724770642202,0.04477611940298507,0.051725307217734454
Media-104605,Tango,0.09523809523809525,0.057467646144536554,0.07649262625583479,0.0,0.07407407407407407,0.0,0.0,0.0,0.0,0.07714385857200469
Albums-Step_By_Step-07,Tango,0.12121212121212122,0.08774015975938734,0.08774015975938734,0.0,0.09433962264150944,0.0,0.0,0.0,0.0,0.16955402787953985
Albums-Step_By_Step-06,Tango,0.0625,0.0489058990172613,0.06956996604049566,0.0,0.09259259259259259,0.0,0.0,0.0,0.0,0.19205645875035898
Media-105903,Tango,0.4044117647058824,0.2811880617583336,0.46324274484529115,0.0,0.3640552995391705,0.0,0.0,0.0,0.0,0.01069311149260388
Media-105906,Tango,0.2803738317757009,0.2000727110216915,0.25874226889708857,0.0,0.4,0.01818181818181818,0.01818181818181818,0.01818181818181818,0.01834862385321101,0.13898898221808717
Media-105904,Tango,0.3851851851851852,0.2646567981484961,0.3760736118536903,0.0,0.43037974683544306,0.0,0.0,0.036036036036036036,0.23423423423423423,0.04913637550651255
Media-104207,Tango,0.0,0.0,0.0,0.0,0.0,0.0,0.0,0.0,0.0,0.0
Media-104206,Tango,0.0975609756097561,0.08097800608221634,0.08594914904826374,0.0,0.18867924528301888,0.018867924528301886,0.018867924528301886,0.018867924528301886,0.018867924528301886,0.07971514080934063
Media-105905,Tango,0.33333333333333337,0.22224790432548194,0.322266763829924,0.0,0.34375,0.0,0.0,0.09345794392523364,0.22429906542056074,0.046383965845847294
Media-105508,Tango,0.0,0.0,0.0,0.0,0.0,0.0,0.0,0.0,0.0,0.0
Albums-StrictlyDancing_Tango-09,Tango,0.0,0.0,0.0,0.0,0.0,0.0,0.0,0.0,0.0,0.0
Albums-StrictlyDancing_Tango-08,Tango,0.0,7.596346106593157e-130,1.4378797987479907e-129,0.0,0.0,0.0,0.0,0.0,0.0,0.06566307317409464
Media-104710,Tango,0.0,0.0,0.0,0.0,0.0,0.0,0.0,0.0,0.0,0.0
Media-104506,Tango,0.0,0.0,0.0,0.0,0.0,0.0,0.0,0.0,0.0,0.0
Albums-Chrisanne2-06,Tango,0.0,0.0,0.0,0.0,0.0,0.0,0.0,0.0,0.0,0.0
Albums-Chrisanne2-04,Tango,0.0,0.0,0.0,0.0,0.0,0.0,0.0,0.0,0.0,0.0
Media-105008,Tango,0.2571428571428571,0.13279883314408733,0.13279883314408733,0.0,0.19230769230769232,0.0,0.0,0.038461538461538464,0.07692307692307693,0.09583583311201989
Media-104706,Tango,0.33928571428571425,0.23610113945954828,0.2800158552668647,0.0,0.4406779661016949,0.11864406779661017,0.4067796610169492,0.11864406779661017,0.4067796610169492,0.07605034926668419
Media-104707,Tango,0.11764705882352941,0.06542726667017233,0.09869754992949815,0.0,0.11320754716981132,0.0,0.0,0.0,0.0,0.09681233605923223
Media-104505,Tango,0.0,0.0027094060381171285,0.09556760533696666,0.0,0.0,0.0,0.0,0.2222222222222222,0.2222222222222222,0.15108208646556406
Media-105009,Tango,0.2571428571428572,0.13921868402516419,0.1489577965612231,0.0,0.16981132075471697,0.0,0.0,0.11538461538461539,0.2222222222222222,0.13296184563263624
Albums-Ballroom_Magic-08,Tango,0.0,0.0,0.0,0.0,0.0,0.0,0.0,0.0,0.0,0.0
Albums-Chrisanne2-05,Tango,0.0,0.0,0.0,0.0,0.0,0.0,0.0,0.0,0.0,0.0
Media-100607,Tango,0.05633802816901408,0.04174698488575032,0.11541909332551566,0.0,0.037037037037037035,0.0,0.0,0.07407407407407407,0.1111111111111111,0.12066183529709414
Albums-Ballroom_Classics4-09,Tango,0.09375000000000001,0.06495394535387147,0.06495394535387147,0.0,0.07407407407407407,0.0,0.0,0.0,0.0,0.0952737269968327
Albums-Ballroom_Classics4-08,Tango,0.06779661016949153,0.05629968071338562,0.09994794949425415,0.0,0.03773584905660377,0.0,0.0,0.0,0.0,0.05592615892393287
Media-100606,Tango,0.2718446601941748,0.1979354176445236,0.23699404254425693,0.0,0.37037037037037035,0.0,0.0,0.0,0.0,0.10825388790420462
Media-104306,Tango,0.0,0.0,0.0,0.0,0.0,0.0,0.0,0.0,0.0,0.0
Media-104304,Tango,0.0,0.0,0.0,0.0,0.0,0.0,0.0,0.0,0.0,0.0
Media-105807,Tango,0.14705882352941174,0.11870435497837659,0.1424320542129538,0.0,0.1111111111111111,0.0,0.0,0.14814814814814814,0.18518518518518517,0.07714385857200486
Media-105806,Tango,0.0,0.0030246719265990536,0.004548326567892509,0.0,0.0,0.0,0.0,0.0,0.0,0.06670670505400823
Media-104305,Tango,0.05,0.040292937016327815,0.1675108008754158,0.0,0.07547169811320754,0.0,0.0,0.09615384615384616,0.17307692307692307,0.07439810033790835
Media-100605,Tango,0.11940298507462686,0.09974557755518226,0.12335296053669458,0.0,0.09259259259259259,0.0,0.0,0.0,0.0,0.08144762246061461
Albums-Ballroom_Classics4-06,Tango,0.0,2.232910870892879e-06,0.010938834703901942,0.0,0.0,0.0,0.0,0.0,0.0,0.07192528181300663
Albums-StrictlyDancing_Tango-14,Tango,0.0,0.0,0.0,0.0,0.0,0.0,0.0,0.0,0.0,0.0
Albums-StrictlyDancing_Tango-01,Tango,0.0,0.0,0.0,0.0,0.0,0.0,0.0,0.0,0.0,0.0
Albums-StrictlyDancing_Tango-15,Tango,0.0,2.1410304131945692e-14,4.067957785069681e-14,0.0,0.0,0.0,0.0,0.0,0.0,0.03628039617864579
Albums-Ballroom_Classics4-07,Tango,0.0625,0.05565816811165029,0.0657261362153256,0.0,0.05555555555555555,0.0,0.0,0.0,0.0,0.03566554496335075
Media-105808,Tango,0.06349206349206349,0.053931216584074536,0.11403845747690743,0.0,0.05555555555555555,0.0,0.0,0.0,0.0,0.1981100455343127
Albums-StrictlyDancing_Tango-03,Tango,0.0,0.0,0.0,0.0,0.0,0.0,0.0,0.0,0.0,0.0
Albums-StrictlyDancing_Tango-02,Tango,0.0,0.0,0.0,0.0,0.0,0.0,0.0,0.0,0.0,0.0
Albums-Ballroom_Classics4-10,Tango,0.0,0.0,0.0,0.0,0.0,0.0,0.0,0.0,0.0,0.0
Albums-StrictlyDancing_Tango-06,Tango,0.0,1.9276504979478907e-37,3.7125120701218635e-37,0.0,0.0,0.0,0.0,0.0,0.0,0.05855208023607793
Albums-StrictlyDancing_Tango-12,Tango,0.0,0.0,0.0,0.0,0.0,0.0,0.0,0.0,0.0,0.0
Albums-StrictlyDancing_Tango-13,Tango,0.0,3.0359352889582386e-46,5.746591796956666e-46,0.0,0.0,0.0,0.0,0.0,0.0,0.06566307317409464
Albums-StrictlyDancing_Tango-07,Tango,0.0,2.843424076733096e-40,5.382195573816218e-40,0.0,0.0,0.0,0.0,0.0,0.0,0.06566307317409464
Media-103306,Tango,0.4061302681992337,0.26430008466703614,0.4390999475928285,0.0,0.3557692307692308,0.0,0.0,0.0,0.0,0.0131988919739931
Albums-Ballroom_Magic-06,Tango,0.0,0.0,0.0,0.0,0.0,0.0,0.0,0.0,0.0,0.0
Media-103304,Tango,0.0,0.0,0.0,0.0,0.0,0.0,0.0,0.0,0.0,0.0
Media-104906,Tango,0.0,0.0,0.0,0.0,0.0,0.0,0.0,0.0,0.0,0.0
Media-104709,Tango,0.06779661016949153,0.051603712727853274,0.05304763136770456,0.0,0.07547169811320754,0.0,0.0,0.0,0.0,0.07001313335706066
Albums-StrictlyDancing_Tango-11,Tango,0.0,1.3125597681998475e-05,0.0041806411053350425,0.0,0.0,0.0,0.0,0.0,0.0,0.0
Albums-StrictlyDancing_Tango-05,Tango,0.1,0.09462042365454,0.11449882863839589,0.0,0.08163265306122448,0.0,0.0,0.0,0.0,0.09014141407872026
Albums-StrictlyDancing_Tango-04,Tango,0.0,6.990859011852443e-101,1.3204955911276839e-100,0.0,0.0,0.0,0.0,0.0,0.0,0.06627785566168702
Albums-StrictlyDancing_Tango-10,Tango,0.0,0.0,0.0,0.0,0.0,0.0,0.0,0.0,0.0,0.0
Media-104708,Tango,0.0,0.0,0.0,0.0,0.0,0.0,0.0,0.0,0.0,0.0
Media-104907,Tango,0.0,0.0,0.0,0.0,0.0,0.0,0.0,0.0,0.0,0.0
Media-103305,Tango,0.13114754098360656,0.085322241146646,0.085322241146646,0.0,0.07547169811320754,0.0,0.0,0.0,0.0,0.06390171963108146
Albums-Ballroom_Magic-07,Tango,0.0,0.0,0.0,0.0,0.0,0.0,0.0,0.0,0.0,0.0
Media-105505,Tango,0.06896551724137931,0.06740180133309802,0.12610659599923948,0.0,0.03773584905660377,0.0,0.0,0.0,0.0,0.0726716535927768
Media-105707,Tango,0.2803738317757009,0.19229715869588582,0.2533488838815564,0.0,0.3888888888888889,0.0,0.0,0.0,0.0,0.06535741715222194
Albums-Chrisanne3-05,Tango,0.0,0.0,0.0,0.0,0.0,0.0,0.0,0.0,0.0,0.0
Media-105317,Tango,0.03571428571428571,0.03571428571428571,0.06896551724137931,0.0,0.018867924528301886,0.0,0.0,0.0,0.0,0.13088369830645705
Albums-Chrisanne3-04,Tango,0.0,0.0,0.0,0.0,0.0,0.0,0.0,0.0,0.0,0.0
Media-105706,Tango,0.3963963963963964,0.2815077607106709,0.4582575941917729,0.0,0.3905325443786982,0.0,0.0,0.0,0.0,0.014258615415407879
Media-105506,Tango,0.06557377049180328,0.05496800084608529,0.055352355868117924,0.0,0.03773584905660377,0.0,0.0,0.0,0.0,0.03213717703852495
Albums-Chrisanne3-06,Tango,0.0,0.0,0.0,0.0,0.0,0.0,0.0,0.0,0.0,0.0
Media-104208,Tango,0.0,0.0,0.0,0.0,0.0,0.0,0.0,0.0,0.0,0.0
Media-105705,Tango,0.36678200692041524,0.278065711930669,0.4657865332752383,0.0,0.3898305084745763,0.0,0.0,0.0,0.0,0.00871793791056774
Media-105507,Tango,0.06349206349206349,0.04820429060101926,0.08670237305993468,0.0,0.05660377358490566,0.0,0.0,0.0,0.0,0.06562816637621283
Media-104806,Tango,0.0,1.1980808161167884e-05,0.007864187884723078,0.0,0.0,0.0,0.0,0.0,0.0,0.0
Albums-Chrisanne1-06,Tango,0.0,0.0,0.0,0.0,0.0,0.0,0.0,0.0,0.0,0.0
Media-105107,Tango,0.0,0.0,0.0,0.0,0.0,0.0,0.0,0.0,0.0,0.0
Media-105305,Tango,0.0,0.0,0.0,0.0,0.0,0.0,0.0,0.0,0.0,0.0
Media-104807,Tango,0.0,0.0,0.0,0.0,0.0,0.0,0.0,0.0,0.0,0.0
Albums-Chrisanne1-05,Tango,0.0,0.0,0.0,0.0,0.0,0.0,0.0,0.0,0.0,0.0
Albums-Step_By_Step-08,Tango,0.2537313432835821,0.21198390779853715,0.28450827606265977,0.0,0.3375,0.0,0.0,0.0625,0.0875,0.097951911361239
Media-105306,Tango,0.14492753623188406,0.08276166035959634,0.08276166035959634,0.0,0.11320754716981132,0.0,0.0,0.0,0.0,0.12995162481587244
Albums-Chrisanne1-04,Tango,0.0,0.0,0.0,0.0,0.0,0.0,0.0,0.0,0.0,0.0
Albums-Pais_Tropical-03,Samba,0.0,0.0,0.0,0.0,0.0,0.0,0.0,0.0,0.0,0.0
Media-104001,Samba,0.0,0.0,0.0,0.0,0.0,0.0,0.0,0.0,0.0,0.0
Albums-Pais_Tropical-02,Samba,0.0,0.0,0.0,0.0,0.0,0.0,0.0,0.0,0.0,0.0
Albums-AnaBelen_Veneo-02,Samba,0.0,0.0,0.0,0.0,0.0,0.0,0.0,0.0,0.0,0.0
Albums-Latin_Jam4-02,Samba,0.0,0.0,0.0,0.0,0.0,0.0,0.0,0.0,0.0,0.0
Media-106004,Samba,0.0,0.0,0.0,0.0,0.0,0.0,0.0,0.0,0.0,0.0
Media-103815,Samba,0.0,4.399658946895417e-100,8.38030275599127e-100,0.0,0.0,0.0,0.0,0.0,0.0,0.0
Media-103618,Samba,0.0,0.0,0.0,0.0,0.0,0.0,0.0,0.0,0.0,0.0
Media-104003,Samba,0.0,0.0,0.0,0.0,0.0,0.0,0.0,0.0,0.0,0.0
Media-104002,Samba,0.0,0.0,0.0,0.0,0.0,0.0,0.0,0.0,0.0,0.0
Albums-Pais_Tropical-01,Samba,0.0,0.0,0.0,0.0,0.0,0.0,0.0,0.0,0.0,0.0
Media-103806,Samba,0.0,0.0,0.0,0.0,0.0,0.0,0.0,0.0,0.0,0.0
Media-106003,Samba,0.0,0.0,0.0,0.0,0.0,0.0,0.0,0.0,0.0,0.0
Albums-Pais_Tropical-04,Samba,0.0,0.0,0.0,0.0,0.0,0.0,0.0,0.0,0.0,0.0
Media-106002,Samba,0.0,0.0,0.0,0.0,0.0,0.0,0.0,0.0,0.0,0.0
Media-103807,Samba,0.0,2.9567705897281878e-05,5.5439448557403524e-05,0.0,0.0,0.0,0.0,0.0,0.0,0.05662665950984572
Media-103805,Samba,0.0,0.0,0.0,0.0,0.0,0.0,0.0,0.0,0.0,0.0
Albums-Latin_Jam4-12,Samba,0.0,0.0,0.0,0.0,0.0,0.0,0.0,0.0,0.0,0.0
Media-104004,Samba,0.0,0.0,0.0,0.0,0.0,0.0,0.0,0.0,0.0,0.0
Albums-Latin_Jam4-07,Samba,0.0,0.0,0.0,0.0,0.0,0.0,0.0,0.0,0.0,0.0
Media-106001,Samba,0.0,0.0,0.0,0.0,0.0,0.0,0.0,0.0,0.0,0.0
Media-104103,Samba,0.0,0.0,0.0,0.0,0.0,0.0,0.0,0.0,0.0,0.0
Albums-Latino_Latino-03,Samba,0.0,0.0,0.0,0.0,0.0,0.0,0.0,0.0,0.0,0.0
Media-103903,Samba,0.0,0.0,0.0,0.0,0.0,0.0,0.0,0.0,0.0,0.0
Media-106106,Samba,0.0,0.0,0.0,0.0,0.0,0.0,0.0,0.0,0.0,0.0
Albums-Latin_Jam2-01,Samba,0.0,0.0,0.0,0.0,0.0,0.0,0.0,0.0,0.0,0.0
Media-106107,Samba,0.0,0.0,0.0,0.0,0.0,0.0,0.0,0.0,0.0,0.0
Albums-Latin_Jam2-14,Samba,0.0,0.0,0.0,0.0,0.0,0.0,0.0,0.0,0.0,0.0
Albums-Fire-02,Samba,0.0,0.0,0.0,0.0,0.0,0.0,0.0,0.0,0.0,0.0
Media-103902,Samba,0.0,0.0,0.0,0.0,0.0,0.0,0.0,0.0,0.0,0.0
Media-104102,Samba,0.0,0.0,0.0,0.0,0.0,0.0,0.0,0.0,0.0,0.0
Albums-Latin_Jam2-02,Samba,0.0,0.0,0.0,0.0,0.0,0.0,0.0,0.0,0.0,0.0
Albums-Latin_Jam2-03,Samba,0.0,0.0,0.0,0.0,0.0,0.0,0.0,0.0,0.0,0.0
Albums-Fire-15,Samba,0.0,0.0,0.0,0.0,0.0,0.0,0.0,0.0,0.0,0.0
Media-103901,Samba,0.0,0.0,0.0,0.0,0.0,0.0,0.0,0.0,0.0,0.0
Albums-Latin_Jam-09,Samba,0.0,0.0,0.0,0.0,0.0,0.0,0.0,0.0,0.0,0.0
Media-104101,Samba,0.0,0.0,0.0,0.0,0.0,0.0,0.0,0.0,0.0,0.0
Media-104105,Samba,0.0,0.0022224262622028055,0.004775382366548046,0.0,0.023809523809523808,0.0,0.0,0.0,0.0,0.1035242709256175
Albums-Macumba-08,Samba,0.0,0.0,0.0,0.0,0.0,0.0,0.0,0.0,0.0,0.0
Media-103905,Samba,0.0,0.0,0.0,0.0,0.0,0.0,0.0,0.0,0.0,0.0
Media-103904,Samba,0.0,0.0,0.0,0.0,0.0,0.0,0.0,0.0,0.0,0.0
Media-104104,Samba,0.0,1.2075460309220396e-34,2.2575860578107695e-34,0.0,0.0,0.0,0.0,0.0,0.0,0.06373496969134641
Media-105608,Samba,0.0,0.0,0.0,0.0,0.0,0.0,0.0,0.0,0.0,0.0
Media-103708,Samba,0.0,0.0,0.0,0.0,0.0,0.0,0.0,0.0,0.0,0.0
Media-105609,Samba,0.0,0.0,0.0,0.0,0.0,0.0,0.0,0.0,0.0,0.0
Albums-Macumba-07,Samba,0.0,0.0,0.0,0.0,0.0,0.0,0.0,0.0,0.0,0.0
Media-103705,Samba,0.0,0.0,0.0,0.0,0.0,0.0,0.0,0.0,0.0,0.0
Albums-Latin_Jam5-01,Samba,0.0,0.0,0.0,0.0,0.0,0.0,0.0,0.0,0.0,0.0
Albums-Macumba-06,Samba,0.0,0.0,0.0,0.0,0.0,0.0,0.0,0.0,0.0,0.0
Media-103506,Samba,0.0,0.0,0.0,0.0,0.0,0.0,0.0,0.0,0.0,0.0
Albums-Latin_Jam-03,Samba,0.0,0.0,0.0,0.0,0.0,0.0,0.0,0.0,0.0,0.0
Albums-Latin_Jam-15,Samba,0.0,0.0,0.0,0.0,0.0,0.0,0.0,0.0,0.0,0.0
Media-105607,Samba,0.0,0.0,0.0,0.0,0.0,0.0,0.0,0.0,0.0,0.0
Media-103504,Samba,0.0,0.0,0.0,0.0,0.0,0.0,0.0,0.0,0.0,0.0
Albums-Fire-09,Samba,0.0,0.0,0.0,0.0,0.0,0.0,0.0,0.0,0.0,0.0
Media-106118,Samba,0.0,2.4103392052935605e-13,0.0007167094540801431,0.0,0.0,0.0,0.0,0.0,0.0,0.0
Media-103706,Samba,0.04347826086956522,0.03403063216252746,0.06261636305935156,0.0,0.023255813953488372,0.0,0.0,0.0,0.0,0.10003419700727433
Media-103707,Samba,0.0,0.0,0.0,0.0,0.0,0.0,0.0,0.0,0.0,0.0
Media-105404,Samba,0.0,3.8653955765769075e-97,7.394669798668867e-97,0.0,0.0,0.0,0.0,0.0,0.0,0.06461663134455818
Media-103505,Samba,0.0,0.0,0.0,0.0,0.0,0.0,0.0,0.0,0.0,0.0
Albums-Macumba-05,Samba,0.0,0.0,0.0,0.0,0.0,0.0,0.0,0.0,0.0,0.0
Media-105606,Samba,0.0,0.0,0.0,0.0,0.0,0.0,0.0,0.0,0.0,0.0
Media-103501,Samba,0.0,0.0,0.0,0.0,0.0,0.0,0.0,0.0,0.0,0.0
Media-106109,Samba,0.0,0.0,0.0,0.0,0.0,0.0,0.0,0.0,0.0,0.0
Albums-Latin_Jam5-06,Samba,0.0,0.0,0.0,0.0,0.0,0.0,0.0,0.0,0.0,0.0
Media-105401,Samba,0.0,0.0,0.0,0.0,0.0,0.0,0.0,0.0,0.0,0.0
Media-106108,Samba,0.0,0.0,0.0,0.0,0.0,0.0,0.0,0.0,0.0,0.0
Media-103502,Samba,0.0,0.0,0.0,0.0,0.0,0.0,0.0,0.0,0.0,0.0
Albums-Latin_Jam5-10,Samba,0.0,0.0,0.0,0.0,0.0,0.0,0.0,0.0,0.0,0.0
Media-105403,Samba,0.0,0.0,0.0,0.0,0.0,0.0,0.0,0.0,0.0,0.0
Media-103715,Samba,0.11320754716981132,0.07332340329161494,0.1239139673564072,0.0,0.4827586206896552,0.0,0.0,0.0,0.0,0.193071543931688
Media-105402,Samba,0.0,0.0,0.0,0.0,0.0,0.0,0.0,0.0,0.0,0.0
Media-105416,Samba,0.0,0.0,0.0,0.0,0.0,0.0,0.0,0.0,0.0,0.0
Media-103503,Samba,0.0,0.0,0.0,0.0,0.0,0.0,0.0,0.0,0.0,0.0
Albums-Latin_Jam-06,Samba,0.0,0.0,0.0,0.0,0.0,0.0,0.0,0.0,0.0,0.0
Media-103606,Samba,0.0,0.0,0.0,0.0,0.0,0.0,0.0,0.0,0.0,0.0
Albums-Cafe_Paradiso-02,Samba,0.0,0.0,0.0,0.0,0.0,0.0,0.0,0.0,0.0,0.0
Albums-Cafe_Paradiso-03,Samba,0.0,0.0,0.0,0.0,0.0,0.0,0.0,0.0,0.0,0.0
Media-103607,Samba,0.0,0.0,0.0,0.0,0.0,0.0,0.0,0.0,0.0,0.0
Media-103808,Samba,0.0,0.0,0.0,0.0,0.0,0.0,0.0,0.0,0.0,0.0
Media-103605,Samba,0.0,0.0,0.0,0.0,0.0,0.0,0.0,0.0,0.0,0.0
Albums-Cafe_Paradiso-01,Samba,0.0,0.0,0.0,0.0,0.0,0.0,0.0,0.0,0.0,0.0
Albums-Latin_Jam3-05,Samba,0.0,0.0,0.0,0.0,0.0,0.0,0.0,0.0,0.0,0.0
Albums-Cafe_Paradiso-04,Samba,0.0,0.0,0.0,0.0,0.0,0.0,0.0,0.0,0.0,0.0
Albums-Latin_Jam3-04,Samba,0.0,0.0,0.0,0.0,0.0,0.0,0.0,0.0,0.0,0.0
Albums-Latin_Jam3-06,Samba,0.0,0.0,0.0,0.0,0.0,0.0,0.0,0.0,0.0,0.0
Media-105518,Quickstep,0.0,0.0,0.0,0.0,0.0,0.0,0.0,0.0,0.0,0.0
Media-104216,Quickstep,0.0,0.0,0.0,0.0,0.0,0.0,0.0,0.0,0.0,0.0
Media-105120,Quickstep,0.0,0.0,0.0,0.0,0.0,0.0,0.0,0.0,0.0,0.0
Media-105121,Quickstep,0.0,0.0,0.0,0.0,0.0,0.0,0.0,0.0,0.0,0.0
Media-104217,Quickstep,0.0,0.0,0.0,0.0,0.0,0.0,0.0,0.0,0.0,0.0
Media-105914,Quickstep,0.4945054945054946,0.3544111970225033,0.49507079663528364,0.0,0.42,0.0,0.0,0.0,0.0,0.05301376437755963
Media-105320,Quickstep,0.0,0.0,0.0,0.0,0.0,0.0,0.0,0.0,0.0,0.0
Media-105122,Quickstep,0.0,0.0,0.0,0.0,0.0,0.0,0.0,0.0,0.0,0.0
Media-105913,Quickstep,0.5110132158590308,0.3662925203493371,0.5338167779383314,0.0,0.41134751773049644,0.0070921985815602835,0.0070921985815602835,0.017543859649122806,0.14035087719298245,0.026381044506444594
Media-104416,Quickstep,0.0,0.0,0.0,0.0,0.0,0.0,0.0,0.0,0.0,0.0
Albums-Step_By_Step-16,Quickstep,0.5217391304347825,0.3338600401062895,0.46245312990794707,0.0,0.44554455445544555,0.0,0.0,0.048484848484848485,0.20606060606060606,0.013798381596518545
Albums-AnaBelen_Veneo-11,Quickstep,0.0,0.0,0.0,0.0,0.0,0.0,0.0,0.0,0.0,0.0
Media-104417,Quickstep,0.0,0.0,0.0,0.0,0.0,0.0,0.0,0.0,0.0,0.0
Albums-Step_By_Step-17,Quickstep,0.0,0.0,0.0,0.0,0.0,0.0,0.0,0.0,0.0,0.0
Media-105912,Quickstep,0.37583892617449666,0.2783244035064856,0.3354563967311433,0.0,0.3176470588235294,0.011764705882352941,0.023529411764705882,0.1875,0.21875,0.10940315752626263
Media-104615,Quickstep,0.0,0.0,0.0,0.0,0.0,0.0,0.0,0.0,0.0,0.0
Media-104617,Quickstep,0.0425531914893617,0.030464943318543297,0.060043706738190275,0.0,0.023255813953488372,0.0,0.0,0.0,0.0,0.023623881663099634
Albums-Step_By_Step-15,Quickstep,0.0,0.0,0.0,0.0,0.0,0.0,0.0,0.0,0.0,0.0
Media-104415,Quickstep,0.0,0.0,0.0,0.0,0.0,0.0,0.0,0.0,0.0,0.0
Media-105119,Quickstep,0.0,0.0,0.0,0.0,0.0,0.0,0.0,0.0,0.0,0.0
Media-105911,Quickstep,0.32558139534883723,0.2531027480364766,0.30847875871830804,0.0,0.23809523809523808,0.0,0.0,0.0,0.0,0.05830270355698255
Media-104616,Quickstep,0.02298850574712644,0.022281223781155907,0.043077032643392646,0.0,0.011764705882352941,0.0,0.0,0.0,0.0,0.02939814638951813
Media-104315,Quickstep,0.14035087719298245,0.09827165314333511,0.1878759700549838,0.0,0.08045977011494253,0.0,0.0,0.045454545454545456,0.06818181818181818,0.0586675942265572
Media-100615,Quickstep,0.0,2.3789751979523207e-08,4.599352049374486e-08,0.0,0.0,0.0,0.0,0.0,0.0,0.04978544818253526
Media-105816,Quickstep,0.0,0.0,0.0,0.0,0.0,0.0,0.0,0.0,0.0,0.0
Media-105817,Quickstep,0.0,0.0,0.0,0.0,0.0,0.0,0.0,0.0,0.0,0.0
Media-104314,Quickstep,0.0,0.0,0.0,0.0,0.0,0.0,0.0,0.0,0.0,0.0
Media-100614,Quickstep,0.06521739130434782,0.03247900007502356,0.062251406600729746,0.0,0.03409090909090909,0.0,0.0,0.0,0.0,0.0655874629039512
Albums-Chrisanne2-12,Quickstep,0.0,0.0,0.0,0.0,0.0,0.0,0.0,0.0,0.0,0.0
Media-100616,Quickstep,0.0,0.0,0.0,0.0,0.0,0.0,0.0,0.0,0.0,0.0
Media-104316,Quickstep,0.0,0.0,0.0,0.0,0.0,0.0,0.0,0.0,0.0,0.0
Media-105020,Quickstep,0.0,0.0,0.0,0.0,0.0,0.0,0.0,0.0,0.0,0.0
Albums-Ballroom_Classics4-18,Quickstep,0.0,0.0,0.0,0.0,0.0,0.0,0.0,0.0,0.0,0.0
Albums-Ballroom_Classics4-19,Quickstep,0.0,0.0,0.0,0.0,0.0,0.0,0.0,0.0,0.0,0.0
Media-104317,Quickstep,0.08510638297872342,0.047667453264985636,0.0513110480237664,0.0,0.04597701149425287,0.0,0.0,0.0,0.0,0.02998145817428453
Albums-Chrisanne2-11,Quickstep,0.0,0.0,0.0,0.0,0.0,0.0,0.0,0.0,0.0,0.0
Media-105019,Quickstep,0.0,0.0,0.0,0.0,0.0,0.0,0.0,0.0,0.0,0.0
Media-104515,Quickstep,0.0,0.0,0.0,0.0,0.0,0.0,0.0,0.0,0.0,0.0
Media-104918,Quickstep,0.1386138613861386,0.0969434330551216,0.11461323212096602,0.0,0.08235294117647059,0.0,0.0,0.047619047619047616,0.07142857142857142,0.03400926348685261
Media-104717,Quickstep,0.0808080808080808,0.07232737730228057,0.09285713460664448,0.0,0.04597701149425287,0.0,0.0,0.0,0.0,0.028631574027187082
Media-104716,Quickstep,0.2517482517482518,0.17801368522065308,0.3082446895469757,0.0,0.21686746987951808,0.0,0.0,0.05,0.06666666666666667,0.08585501347947176
Media-104514,Quickstep,0.0,0.0,0.0,0.0,0.0,0.0,0.0,0.0,0.0,0.0
Albums-Ballroom_Classics4-20,Quickstep,0.0,0.0,0.0,0.0,0.0,0.0,0.0,0.0,0.0,0.0
Media-105018,Quickstep,0.0,0.0,0.0,0.0,0.0,0.0,0.0,0.0,0.0,0.0
Media-104516,Quickstep,0.02247191011235955,0.021780522123591956,0.04214057541201455,0.0,0.011494252873563218,0.0,0.0,0.0,0.0,0.05648022103697196
Albums-Ballroom_Magic-17,Quickstep,0.0,0.0,0.0,0.0,0.0,0.0,0.0,0.0,0.0,0.0
Media-105016,Quickstep,0.0,2.334965960311806e-53,4.563797104245803e-53,0.0,0.0,0.0,0.0,0.0,0.0,0.04978068116709775
Media-104917,Quickstep,0.0,0.0,0.0,0.0,0.0,0.0,0.0,0.0,0.0,0.0
Media-104718,Quickstep,0.0392156862745098,0.023141556871743997,0.11757779771136331,0.0,0.022988505747126436,0.0,0.0,0.0,0.0,0.050598269274203876
Media-104916,Quickstep,0.0,0.0,0.0,0.0,0.0,0.0,0.0,0.0,0.0,0.0
Media-105017,Quickstep,0.18333333333333335,0.13910701749768384,0.28394930584494626,0.0,0.11764705882352941,0.011764705882352941,0.011764705882352941,0.14285714285714285,0.23809523809523808,0.06555248446499025
Media-103314,Quickstep,0.0,0.0,0.0,0.0,0.0,0.0,0.0,0.0,0.0,0.0
Albums-Ballroom_Magic-16,Quickstep,0.0,0.0,0.0,0.0,0.0,0.0,0.0,0.0,0.0,0.0
Media-105820,Quickstep,0.0,0.0,0.0,0.0,0.0,0.0,0.0,0.0,0.0,0.0
Media-104915,Quickstep,0.0,0.0,0.0,0.0,0.0,0.0,0.0,0.0,0.0,0.0
Albums-Ballroom_Magic-15,Quickstep,0.0,0.0,0.0,0.0,0.0,0.0,0.0,0.0,0.0,0.0
Media-103313,Quickstep,0.0,0.0,0.0,0.0,0.0,0.0,0.0,0.0,0.0,0.0
Media-105819,Quickstep,0.0,0.0,0.0,0.0,0.0,0.0,0.0,0.0,0.0,0.0
Media-105818,Quickstep,0.0,0.0,0.0,0.0,0.0,0.0,0.0,0.0,0.0,0.0
Media-103312,Quickstep,0.04597701149425288,0.01999341405159454,0.037034275253607626,0.0,0.024096385542168676,0.0,0.0,0.0,0.0,0.09714309917163691
Media-105207,Quickstep,0.0,0.0,0.0,0.0,0.0,0.0,0.0,0.0,0.0,0.0
Albums-Chrisanne1-14,Quickstep,0.0,0.0,0.0,0.0,0.0,0.0,0.0,0.0,0.0,0.0
Albums-Step_By_Step-18,Quickstep,0.0,6.135405689462367e-09,1.1998126681615295e-08,0.0,0.0,0.0,0.0,0.0,0.0,0.04377412180736069
Media-104418,Quickstep,0.0,0.0,0.0,0.0,0.0,0.0,0.0,0.0,0.0,0.0
Media-104815,Quickstep,0.022727272727272724,0.010732249153453404,0.020987509389142782,0.0,0.011627906976744186,0.0,0.0,0.0,0.0,0.06154183064332085
Media-104618,Quickstep,0.18032786885245902,0.11243197014126116,0.22537468820589013,0.0,0.16470588235294117,0.0,0.0,0.023255813953488372,0.023255813953488372,0.07541261767025788
Media-105314,Quickstep,0.0,0.0,0.0,0.0,0.0,0.0,0.0,0.0,0.0,0.0
Media-105315,Quickstep,0.0,0.0,0.0,0.0,0.0,0.0,0.0,0.0,0.0,0.0
Albums-Chrisanne3-13,Quickstep,0.0,0.0,0.0,0.0,0.0,0.0,0.0,0.0,0.0,0.0
Media-104816,Quickstep,0.0,0.0,0.0,0.0,0.0,0.0,0.0,0.0,0.0,0.0
Media-105517,Quickstep,0.0,0.0,0.0,0.0,0.0,0.0,0.0,0.0,0.0,0.0
Albums-Chrisanne1-12,Quickstep,0.0,0.004430219383774033,0.015166018084936773,0.0,0.0,0.0,0.0,0.0,0.0,0.053044464495945215
Media-105715,Quickstep,0.5527638190954774,0.3662889704225644,0.5225203651442315,0.0,0.45614035087719296,0.0,0.0,0.017543859649122806,0.017543859649122806,0.02022732597321246
Media-104219,Quickstep,0.0,0.0,0.0,0.0,0.0,0.0,0.0,0.0,0.0,0.0
Media-104218,Quickstep,0.0,0.0,0.0,0.0,0.0,0.0,0.0,0.0,0.0,0.0
Albums-Chrisanne1-13,Quickstep,0.0,0.0,0.0,0.0,0.0,0.0,0.0,0.0,0.0,0.0
Media-105516,Quickstep,0.0,0.0,0.0,0.0,0.0,0.0,0.0,0.0,0.0,0.0
Media-105716,Quickstep,0.23140495867768596,0.15986593374887617,0.2125604733280621,0.0,0.14457831325301204,0.0,0.0,0.19047619047619047,0.30952380952380953,0.07443027696458931
Albums-Chrisanne3-14,Quickstep,0.0,0.0,0.0,0.0,0.0,0.0,0.0,0.0,0.0,0.0
Media-105313,Quickstep,0.0,0.0,0.0,0.0,0.0,0.0,0.0,0.0,0.0,0.0
Albums-Chrisanne3-15,Quickstep,0.0,0.0,0.0,0.0,0.0,0.0,0.0,0.0,0.0,0.0
Media-105717,Quickstep,0.0,0.0,0.0,0.0,0.0,0.0,0.0,0.0,0.0,0.0
Media-103817,Rumba-Misc,0.12765957446808512,0.07192730279324464,0.08738564361450564,0.0,0.21875,0.0,0.0,0.0625,0.0625,0.1367325980198869
Media-103812,Rumba-Misc,0.0,0.0,0.0,0.0,0.0,0.0,0.0,0.0,0.0,0.0
Media-103609,Rumba-Misc,0.31746031746031744,0.16328860752080315,0.2027583749969603,0.0,0.36585365853658536,0.07317073170731707,0.0975609756097561,0.07317073170731707,0.0975609756097561,0.1559898018810988
Media-104006,Rumba-Misc,0.0,0.0,0.0,0.0,0.0,0.0,0.0,0.0,0.0,0.0
Media-104007,Rumba-Misc,0.0,0.0,0.0,0.0,0.0,0.0,0.0,0.0,0.0,0.0
Media-103608,Rumba-Misc,0.0,0.0,0.0,0.0,0.0,0.0,0.0,0.0,0.0,0.0
Media-103811,Rumba-Misc,0.0,0.0,0.0,0.0,0.0,0.0,0.0,0.0,0.0,0.0
Media-104005,Rumba-Misc,0.0816326530612245,0.053043625992731325,0.07028506292145582,0.0,0.07317073170731707,0.0,0.0,0.0,0.0,0.3010974971969697
Media-103810,Rumba-Misc,0.2518518518518518,0.21444376764041773,0.3233780693536549,0.0,0.3723404255319149,0.010638297872340425,0.02127659574468085,0.05319148936170213,0.26595744680851063,0.06228254954088039
Media-105209,Rumba-Misc,0.0,0.0,0.0,0.0,0.0,0.0,0.0,0.0,0.0,0.0
Media-104114,Rumba-Misc,0.0,0.0,0.0,0.0,0.0,0.0,0.0,0.0,0.0,0.0
Media-103914,Rumba-Misc,0.0,0.0,0.0,0.0,0.0,0.0,0.0,0.0,0.0,0.0
Media-105418,Rumba-Misc,0.0,0.0011119251742762108,0.10697964538724322,0.0,0.03225806451612903,0.0,0.0,0.0,0.0,0.3799541111268844
Media-105419,Rumba-Misc,0.15384615384615385,0.10494875141392469,0.17994212972577012,0.0,0.24242424242424243,0.0,0.0,0.015151515151515152,0.015151515151515152,0.09416786916499807
Media-104115,Rumba-Misc,0.0,0.0,0.0,0.0,0.0,0.0,0.0,0.0,0.0,0.0
Media-103911,Rumba-Misc,0.0,3.290403883554794e-20,5.2646462136876704e-20,0.0,0.0,0.0,0.0,0.0,0.0,0.3093040039646091
Media-105409,Rumba-Misc,0.0,0.0,0.0,0.0,0.0,0.0,0.0,0.0,0.0,0.0
Media-105408,Rumba-Misc,0.0,0.0,0.0,0.0,0.0,0.0,0.0,0.0,0.0,0.0
Media-104112,Rumba-Misc,0.0,6.82295107046896e-54,1.2755952001311534e-53,0.0,0.0,0.0,0.0,0.0,0.0,0.04552497835096184
Media-103912,Rumba-Misc,0.044444444444444446,0.013742069722795638,0.02378381080019829,0.0,0.05405405405405406,0.0,0.0,0.0,0.0,0.14624178407508615
Media-103709,Rumba-Misc,0.3928571428571429,0.2966424531367317,0.44897236150424263,0.0,0.41025641025641024,0.0,0.0,0.7,0.75,0.3306835416260035
Media-103913,Rumba-Misc,0.08695652173913042,0.06336996766282103,0.080000021664064,0.0,0.047619047619047616,0.0,0.0,0.0,0.0,0.12465549038868262
Media-104113,Rumba-Misc,0.0,0.0,0.0,0.0,0.0,0.0,0.0,0.0,0.0,0.0
Media-103513,Rumba-Misc,0.0,0.0,0.0,0.0,0.0,0.0,0.0,0.0,0.0,0.0
Media-105412,Rumba-Misc,0.0,1.529213520198342e-07,0.039236503391781925,0.0,0.0,0.0,0.0,0.0,0.0,0.036419982680769306
Media-103711,Rumba-Misc,0.0,0.0,0.0,0.0,0.0,0.0,0.0,0.0,0.0,0.0
Media-103710,Rumba-Misc,0.0,0.0,0.0,0.0,0.0,0.0,0.0,0.0,0.0,0.0
Media-103512,Rumba-Misc,0.0,0.0,0.0,0.0,0.0,0.0,0.0,0.0,0.0,0.0
Media-103712,Rumba-Misc,0.0,0.0,0.0,0.0,0.0,0.0,0.0,0.0,0.0,0.0
Media-105411,Rumba-Misc,0.08333333333333333,0.03895276276205819,0.06902245002561333,0.0,0.046511627906976744,0.0,0.0,0.0,0.0,0.26674680009176066
Media-105410,Rumba-Misc,0.15909090909090912,0.1011504952121094,0.21833326820748658,0.0,0.3469387755102041,0.0,0.0,0.061224489795918366,0.061224489795918366,0.10351096443512438
Media-103511,Rumba-Misc,0.0,0.0,0.0,0.0,0.0,0.0,0.0,0.0,0.0,0.0
Media-103717,Rumba-Misc,0.23655913978494625,0.20217856989212107,0.2571065300968561,0.0,0.39344262295081966,0.0,0.0,0.0,0.0,0.07591591800832827
Media-103514,Rumba-Misc,0.0,0.0,0.0,0.0,0.0,0.0,0.0,0.0,0.0,0.0
Media-103809,Rumba-Misc,0.32530120481927716,0.2104754162680144,0.33654605262948584,0.0,0.392,0.016,0.04,0.024,0.04,0.02812135823013997
Media-104008,Rumba-Misc,0.0,0.0,0.0,0.0,0.0,0.0,0.0,0.0,0.0,0.0
Media-103610,Rumba-Misc,0.0,0.0,0.0,0.0,0.0,0.0,0.0,0.0,0.0,0.0
Media-103615,Rumba-Misc,0.22580645161290325,0.17256637264670346,0.310781216307182,0.0,0.3953488372093023,0.0,0.0,0.004651162790697674,0.004651162790697674,0.008132440652852013
Media-103818,Rumba-Misc,0.09999999999999999,0.045700434491346704,0.10500175169858043,0.0,0.15789473684210525,0.02631578947368421,0.02631578947368421,0.045454545454545456,0.045454545454545456,0.14947121737733887
Media-103616,Rumba-Misc,0.0,0.0,0.0,0.0,0.0,0.0,0.0,0.0,0.0,0.0
Media-106011,Rumba-International,0.04000000000000001,0.03405401257299305,0.056608183860576,0.0,0.125,0.025,0.025,0.025,0.025,0.12216327470468726
Albums-Latin_Jam4-03,Rumba-International,0.0,0.0,0.0,0.0,0.0,0.0,0.0,0.0,0.0,0.0
Albums-AnaBelen_Veneo-03,Rumba-International,0.0,0.0,0.0,0.0,0.0,0.0,0.0,0.0,0.0,0.0
Media-106010,Rumba-International,0.0,1.558674330459907e-06,0.00010937455590910481,0.0,0.0,0.0,0.0,0.0,0.0,0.13593947014126415
Media-106012,Rumba-International,0.0,5.211999734974014e-10,0.09793649456015455,0.0,0.0,0.0,0.0,0.0,0.0,0.3237709850003777
Albums-Latin_Jam3-09,Rumba-International,0.0,0.0,0.0,0.0,0.0,0.0,0.0,0.0,0.0,0.0
Albums-Cafe_Paradiso-09,Rumba-International,0.0,0.0,0.0,0.0,0.0,0.0,0.0,0.0,0.0,0.0
Albums-AnaBelen_Veneo-15,Rumba-International,0.0,0.0,0.0,0.0,0.0,0.0,0.0,0.0,0.0,0.0
Albums-AnaBelen_Veneo-01,Rumba-International,0.0,0.0,0.0,0.0,0.0,0.0,0.0,0.0,0.0,0.0
Albums-Latin_Jam3-08,Rumba-International,0.0,0.0,0.0,0.0,0.0,0.0,0.0,0.0,0.0,0.0
Albums-Pais_Tropical-11,Rumba-International,0.0,0.0,0.0,0.0,0.0,0.0,0.0,0.0,0.0,0.0
Albums-Pais_Tropical-10,Rumba-International,0.0,0.0,0.0,0.0,0.0,0.0,0.0,0.0,0.0,0.0
Albums-Pais_Tropical-12,Rumba-International,0.0,0.0,0.0,0.0,0.0,0.0,0.0,0.0,0.0,0.0
Albums-Latin_Jam4-13,Rumba-International,0.0,0.0,0.0,0.0,0.0,0.0,0.0,0.0,0.0,0.0
Albums-Fire-03,Rumba-International,0.0,0.0,0.0,0.0,0.0,0.0,0.0,0.0,0.0,0.0
Albums-Latin_Jam2-15,Rumba-International,0.0,0.0,0.0,0.0,0.0,0.0,0.0,0.0,0.0,0.0
Media-106112,Rumba-International,0.0,0.0,0.0,0.0,0.0,0.0,0.0,0.0,0.0,0.0
Albums-Latin_Jam5-08,Rumba-International,0.0,0.0,0.0,0.0,0.0,0.0,0.0,0.0,0.0,0.0
Media-106113,Rumba-International,0.0,0.0,0.0,0.0,0.0,0.0,0.0,0.0,0.0,0.0
Albums-Latin_Jam-08,Rumba-International,0.0,0.0,0.0,0.0,0.0,0.0,0.0,0.0,0.0,0.0
Albums-GloriaEstefan_MiTierra-01,Rumba-International,0.0,0.0,0.0,0.0,0.0,0.0,0.0,0.0,0.0,0.0
Media-106111,Rumba-International,0.0,0.0,0.0,0.0,0.0,0.0,0.0,0.0,0.0,0.0
Media-106110,Rumba-International,0.04444444444444445,0.042334779017166056,0.07588462829601213,0.0,0.025,0.0,0.0,0.0,0.0,0.09997549426846924
Albums-Latin_Jam2-07,Rumba-International,0.0,0.0,0.0,0.0,0.0,0.0,0.0,0.0,0.0,0.0
Albums-Fire-10,Rumba-International,0.0,0.0,0.0,0.0,0.0,0.0,0.0,0.0,0.0,0.0
Albums-Macumba-09,Rumba-International,0.0,0.0,0.0,0.0,0.0,0.0,0.0,0.0,0.0,0.0
Albums-GloriaEstefan_MiTierra-11,Rumba-International,0.0,0.0,0.0,0.0,0.0,0.0,0.0,0.0,0.0,0.0
Albums-Latin_Jam-02,Rumba-International,0.0,0.0,0.0,0.0,0.0,0.0,0.0,0.0,0.0,0.0
Albums-Latin_Jam2-08,Rumba-International,0.0,0.0,0.0,0.0,0.0,0.0,0.0,0.0,0.0,0.0
Albums-Latin_Jam2-09,Rumba-International,0.0,0.0,0.0,0.0,0.0,0.0,0.0,0.0,0.0,0.0
Albums-Macumba-12,Rumba-International,0.16,0.13245740410115928,0.1587028054556036,0.0,0.35714285714285715,0.023809523809523808,0.047619047619047616,0.06060606060606061,0.0975609756097561,0.15467491991074483
Media-105611,Rumba-International,0.0,0.0,0.0,0.0,0.0,0.0,0.0,0.0,0.0,0.0
Albums-GloriaEstefan_MiTierra-08,Rumba-International,0.0,0.0,0.0,0.0,0.0,0.0,0.0,0.0,0.0,0.0
Albums-Macumba-10,Rumba-International,0.2,0.12458126731685261,0.13782023903329763,0.0,0.225,0.025,0.025,0.05,0.05,0.172348916826747
Media-105613,Rumba-International,0.0,0.0,0.0,0.0,0.0,0.0,0.0,0.0,0.0,0.0
Media-106119,Rumba-International,0.0,0.009452529259835371,0.09787908535485773,0.0,0.05714285714285714,0.0,0.0,0.029411764705882353,0.029411764705882353,0.11726792145583742
Albums-Latin_Jam5-03,Rumba-International,0.0,0.0,0.0,0.0,0.0,0.0,0.0,0.0,0.0,0.0
Media-105612,Rumba-International,0.0,4.2044888805043116e-11,0.03377437381738095,0.0,0.0,0.0,0.0,0.0,0.0,0.0
Albums-Macumba-11,Rumba-International,0.0,0.0,0.0,0.0,0.0,0.0,0.0,0.0,0.0,0.0
Albums-Latin_Jam-14,Rumba-International,0.0,0.0,0.0,0.0,0.0,0.0,0.0,0.0,0.0,0.0
Albums-Latin_Jam5-12,Rumba-International,0.0,0.0,0.0,0.0,0.0,0.0,0.0,0.0,0.0,0.0
Albums-Latin_Jam-05,Rumba-International,0.0,0.0,0.0,0.0,0.0,0.0,0.0,0.0,0.0,0.0
Media-105615,Rumba-International,0.0,0.0,0.0,0.0,0.0,0.0,0.0,0.0,0.0,0.0
Media-105614,Rumba-International,0.0,0.0,0.0,0.0,0.0,0.0,0.0,0.0,0.0,0.0
Albums-Pais_Tropical-09,Rumba-International,0.0,0.0,0.0,0.0,0.0,0.0,0.0,0.0,0.0,0.0
Albums-Latin_Jam4-08,Rumba-International,0.0,0.0,0.0,0.0,0.0,0.0,0.0,0.0,0.0,0.0
Albums-Cafe_Paradiso-10,Rumba-International,0.0,0.0,0.0,0.0,0.0,0.0,0.0,0.0,0.0,0.0
Albums-Cafe_Paradiso-11,Rumba-International,0.0,0.0,0.0,0.0,0.0,0.0,0.0,0.0,0.0,0.0
Media-106009,Rumba-International,0.0,0.0,0.0,0.0,0.0,0.0,0.0,0.0,0.0,0.0
Albums-Cafe_Paradiso-12,Rumba-International,0.0,0.0,0.0,0.0,0.0,0.0,0.0,0.0,0.0,0.0
Albums-Latin_Jam3-07,Rumba-International,0.0,0.0,0.0,0.0,0.0,0.0,0.0,0.0,0.0,0.0
